form	lemma	POS	morph
༄༅། །		PUNCT
འཕགས་པ་	འཕགས་པ་	VERB
བྱམས་པ་	བྱམས་པ་	PROPN
འི་	གི་	PART
སྨོན་ལམ་	སྨོན་ལམ་	NOUN
གྱི་	གི་	PART
འགྲེལ་པ་	འགྲེལ་པ་	NOUN
ཐོགས་མེད་	ཐོགས་མེད་	PROPN
ཀྱི་	གི་	PART
དགོངས་པ་	དགོངས་པ་	VERB
གསལ་བ་	གསལ་བ་	VERB
ར་	ལ་	PART
བསྟན་པ་	བསྟན་པ་	VERB
བཞུགས་	བཞུགས་	VERB
སོ་	གོ་	PART
། །		PUNCT
མཛད་པ་པོ་	མཛད་པ་པོ་	VERB
།		PUNCT
ཀུན་མཁྱེན་	ཀུན་མཁྱེན་	OTHER
པདྨ་	པདྨ་	NOUN
དཀར་པོ་	དཀར་པོ་	ADJ
"།
༄༅། །"		PUNCT
བླ་མ་	བླ་མ་	NOUN
དམ་པ་	དམ་པ་	VERB
འི་	གི་	PART
ཞབས་	ཞབས་	NOUN
ལ་	ལ་	PART
ཕྱག་	ཕྱག་	NOUN
འཚལ་	འཚལ་	VERB
ལོ་	གོ་	PART
། །		PUNCT
བྱམས་མགོན་	བྱམས་མགོན་	OTHER
བདུད་རྩི་	བདུད་རྩི་	NOUN
འི་	གི་	PART
ཆ་	ཆ་	NOUN
ར་	ལ་	PART
ཕབ་	ཕབ་	VERB
ན་	ནས་	PART
། །		PUNCT
མ་རིག་	མ་རིག་	NOUN
ནད་	ནད་	NOUN
ཀུན་	ཀུན་	DET
དྲུངས་	དྲུངས་	NO_POS
འབྱིན་པ་	འབྱིན་པ་	VERB
ས་	གིས་	PART
། །		PUNCT
སྨན་པ་	སྨན་པ་	NOUN
ཆེ་མཆོག་	ཆེ་མཆོག་	OTHER
ལྷ་	ལྷ་	NOUN
ཡི་	གི་	PART
རྗེར་		NON_WORD
། །		PUNCT
ལན་	ལན་	NOUN
བརྒྱ་	བརྒྱ་	NUM
ར་	ལ་	PART
བཏུད་	བཏུད་	NO_POS
དེ་	སྟེ་	PART
ཕྱག་	ཕྱག་	NOUN
འཚལ་	འཚལ་	VERB
ལོ་	གོ་	PART
། །		PUNCT
རྒྱལ་བ་	རྒྱལ་བ་	NOUN
འི་	གི་	PART
དབང་པོ་	དབང་པོ་	NOUN
འི་	གི་	PART
ལྗགས་	ལྗགས་	NOUN
ཉིད་	ཉིད་	DET
ཀྱིས་	གིས་	PART
། །		PUNCT
རིམ་གྲོ་	རིམ་གྲོ་	NOUN
ར་	ལ་	PART
བྱ་	བྱ་	VERB
འདི་	འདི་	DET
ཀུན་དགའ་བོ་	ཀུན་དགའ་བོ་	PROPN
འི་	གི་	PART
། །		PUNCT
ཐོས་པ་	ཐོས་པ་	VERB
འི་	གི་	PART
ཚོགས་	ཚོགས་	NOUN
ནང་	ནང་	NOUN
གྲག་	གྲག་	VERB
ཇི་བཞིན་	ཇི་བཞིན་	OTHER
། །		PUNCT
ལྔ་	ལྔ་	NUM
བརྒྱ་པ་	བརྒྱ་པ་	NUM
ལ་	ལ་	PART
བཤད་པ་	བཤད་པ་	VERB
ར་	ལ་	PART
རིངས་	རིངས་	VERB
། །		PUNCT
སེམས་ཅན་	སེམས་ཅན་	NOUN
ཐམས་ཅད་	ཐམས་ཅད་	DET
ལ་	ལ་	PART
བྱམས་པ་	བྱམས་པ་	PROPN
གཞན་	གཞན་	DET
ལ་	ལ་	ADP
ས་	གིས་	PART
ཕུལ་	ཕུལ་	VERB
དུ་	ལ་	PART
བྱུང་བ་	བྱུང་བ་	VERB
ཉིད་	ཉིད་	DET
ཀྱིས་	གིས་	PART
བྱམས་པ་	བྱམས་པ་	PROPN
།		PUNCT
དེ་	དེ་	DET
འི་	གི་	PART
སྨོན་ལམ་	སྨོན་ལམ་	NOUN
ཡིན་པ་	ཡིན་པ་	AUX
ས་	གིས་	PART
དང་	དང་	NO_POS
།		PUNCT
འདུན་པ་	འདུན་པ་	PROPN
ཙམ་	ཙམ་	DET
ལ་	ལ་	ADP
འང་	ཀྱང་	PART
སྨོན་ལམ་	སྨོན་ལམ་	NOUN
གྱི་	གི་	PART
སྒྲ་འཇུག་པ་	སྒྲ་འཇུག་པ་	NO_POS
ས་	གིས་	PART
།		PUNCT
དེ་ལས་	དེ་ལས་	NO_POS
ལོགས་	ལོགས་	NOUN
སུ་	ལ་	PART
བཀར་བ་	བཀར་བ་	NO_POS
འི་	གི་	PART
ཕྱི་	ཕྱི་	OTHER
རྒྱལ་པོ་	རྒྱལ་པོ་	NOUN
སྟེ་	སྟེ་	PART
།		PUNCT
བྱང་ཆུབ་	བྱང་ཆུབ་	NOUN
སེམས་དཔ་	སེམས་དཔའ་	NOUN
འི་	གི་	PART
སྤྱོད་པ་	སྤྱོད་པ་	VERB
ཡོངས་སུ་	ཡོངས་སུ་	NO_POS
བསྔོ་བ་	བསྔོ་བ་	VERB
ཞེ་	ཅེས་	PART
བྱ་བ་	བྱ་བ་	VERB
འི་	གི་	PART
ཐ་ཚིག་	ཐ་ཚིག་	NOUN
གོ་	གོ་	PART
། །		PUNCT
དེ་	དེ་	DET
འི་	གི་	PART
ཕྱི་	ཕྱི་	OTHER
འཕགས་པ་	འཕགས་པ་	VERB
བྱམས་པ་	བྱམས་པ་	PROPN
འི་	གི་	PART
སྨོན་ལམ་	སྨོན་ལམ་	NOUN
གྱི་	གི་	PART
རྒྱལ་པོ་	རྒྱལ་པོ་	NOUN
ཞེ་	ཅེས་	PART
བྱ་བ་	བྱ་བ་	VERB
འདི་	འདི་	DET
བཤད་པ་	བཤད་པ་	VERB
ལ་	ལ་	PART
།		PUNCT
གླེང་	གླེང་	NO_POS
གཞི་	གཞི་	NOUN
དང་	དང་	NO_POS
།		PUNCT
སྨོན་ལམ་	སྨོན་ལམ་	NOUN
།		PUNCT
མཇུག་	མཇུག་	NOUN
སྡུད་	སྡུད་	VERB
དང་	དང་	NO_POS
གསུམ་	གསུམ་	NUM
ལ་	ལ་	ADP
ས་	གིས་	PART
།		PUNCT
དང་པོ་	དང་པོ་	ADJ
༼		PUNCT
གླེང་	གླེང་	NO_POS
གཞི་	གཞི་	NOUN
།༽		PUNCT
ནི་	ནི་	NO_POS
།		PUNCT
ཀུན་དགའ་བོ་	ཀུན་དགའ་བོ་	PROPN
།		PUNCT
བྱང་ཆུབ་	བྱང་ཆུབ་	NOUN
སེམས་དཔའ་	སེམས་དཔའ་	NOUN
སེམས་དཔའ་	སེམས་དཔའ་	NOUN
ཆེན་པོ་	ཆེན་པོ་	ADJ
བྱམས་པ་	བྱམས་པ་	PROPN
སྔོན་	སྔོན་	ADV
བྱང་ཆུབ་	བྱང་ཆུབ་	NOUN
སེམས་དཔ་	སེམས་དཔའ་	NOUN
འི་	གི་	PART
སྤྱད་པ་	སྤྱད་པ་	VERB
སྤྱོད་པ་	སྤྱོད་པ་	VERB
འི་	གི་	PART
ཚེ་	ཚེ་	NOUN
།		PUNCT
ཉིན་	ཉིན་	NOUN
ལན་	ལན་	NOUN
གསུམ་	གསུམ་	NUM
མཚན་	མཚན་	NOUN
ལན་	ལན་	NOUN
གསུམ་	གསུམ་	NUM
དུ་	ལ་	PART
བླ་གོས་	བླ་གོས་	NOUN
ཕྲག་པ་	ཕྲག་པ་	NOUN
གཅིག་	གཅིག་	NUM
ཏུ་	ལ་	PART
གཟའ་	གཟའ་	VERB
ན་	ནས་	PART
།		PUNCT
པུས་མོ་	པུས་མོ་	NOUN
གཡས་པ་	གཡས་པ་	VERB
འི་	གི་	PART
ལྷ་ང་	ལྷ་ང་	NOUN
ས་	ས་	ADP
ལ་	ལ་	PART
བཙུགས་	བཙུགས་	NO_POS
ཏེ་	སྟེ་	PART
ཐལ་མོ་	ཐལ་མོ་	NOUN
སྦྱར་	སྦྱར་	VERB
ན་	ནས་	PART
ཚིག་	ཚིག་	NOUN
འདི་སྐད་	འདི་སྐད་	NO_POS
ཅེས་	ཅེས་	PART
སྨོན་ལམ་	སྨོན་ལམ་	NOUN
བཏབ་བོ་	བཏབ་བོ་	VERB
། །		PUNCT
དྲང་བ་	དྲང་བ་	VERB
འི་	གི་	PART
དོན་	དོན་	NOUN
དུ་	ལ་	PART
འཕགས་པ་	འཕགས་པ་	VERB
བྱམས་པ་	བྱམས་པ་	PROPN
ནི་	ནི་	NO_POS
རྒྱལ་ཚབ་	རྒྱལ་ཚབ་	NOUN
ཏུ་	ལ་	PART
དབང་	དབང་	NOUN
བསྐུར་བ་	བསྐུར་བ་	VERB
འི་	གི་	PART
བྱང་ཆུབ་	བྱང་ཆུབ་	NOUN
སེམས་དཔའ་	སེམས་དཔའ་	NOUN
ཆེན་པོ་	ཆེན་པོ་	ADJ
སྐྱེ་བ་	སྐྱེ་བ་	VERB
གཅིག་	གཅིག་	NUM
གིས་	གིས་	PART
ཐོགས་པ་	ཐོགས་པ་	VERB
།		PUNCT
དེ་	དེ་	DET
འི་	གི་	PART
དབང་	དབང་	NOUN
དུ་	ལ་	PART
བྱ་	བྱ་	VERB
ན་	ལ་	PART
།		PUNCT
སྔོན་	སྔོན་	ADV
ཞེས་་	ཞེས་པ་	PART
།		PUNCT
དེ་	སྟེ་	PART
སེམས་བསྐྱེད་	སེམས་བསྐྱེད་	NOUN
ན་	ནས་	PART
རིང་པོ་	རིང་པོ་	ADJ
ར་	ལ་	PART
མ་	མ་	PART
ལོན་པ་	ལོན་པ་	VERB
ན་	ལ་	PART
ཞེ་	ཅེས་	PART
ཐོ་	ཐོ་	VERB
ལ་	ལ་	PART
།		PUNCT
ངེས་པ་	ངེས་པ་	VERB
འི་	གི་	PART
དོན་	དོན་	NOUN
དུ་	ལ་	PART
འོག་མིན་	འོག་མིན་	PROPN
དུ་	ལ་	PART
སངས་རྒྱས་	སངས་རྒྱས་	NOUN
ན་	ནས་	PART
སྤྲུལ་པ་	སྤྲུལ་པ་	VERB
འི་	གི་	PART
སྐུ་	སྐུ་	NOUN
དགའ་ལྡན་	དགའ་ལྡན་	PROPN
དུ་	ལ་	PART
བཞུགས་	བཞུགས་	VERB
ཏེ་	སྟེ་	PART
།		PUNCT
འཛམ་བུ་	འཛམ་བུ་	NOUN
འི་	གི་	PART
གླིང་པ་	གླིང་པ་	NOUN
རྣམས་	རྣམས་	DET
ལ་	ལ་	PART
འཚང་རྒྱ་བ་	འཚང་རྒྱ་བ་	NOUN
ར་	ལ་	PART
སྟོན་པ་	སྟོན་པ་	NOUN
ལ་	ལ་	PART
འབྱོན་	འབྱོན་	NO_POS
ཁ་	ཁ་	PRON
མ་	མ་	PART
ཞིག་	ཅིག་	PART
གོ་	གོ་	PART
། །		PUNCT
དེ་	དེ་	DET
འི་	གི་	PART
ཚེ་	ཚེ་	NOUN
།		PUNCT
སྔོན་	སྔོན་	ADV
ཞེས་་	ཞེས་པ་	PART
བྱང་ཆུབ་	བྱང་ཆུབ་	NOUN
སེམས་དཔའ་	སེམས་དཔའ་	NOUN
སློབ་པ་	སློབ་པ་	VERB
འི་	གི་	PART
སྐབས་	སྐབས་	NOUN
ན་	ལ་	PART
ཞེས་་	ཞེས་པ་	PART
འོ་	གོ་	PART
། །		PUNCT
གཉིས་པ་	གཉིས་པ་	NUM
༼		PUNCT
སྨོན་ལམ་	སྨོན་ལམ་	NOUN
།༽		PUNCT
ལ་	ལ་	PART
།		PUNCT
ཕྱག་	ཕྱག་	NOUN
སྔོན་	སྔོན་	ADV
དུ་	ལ་	PART
མཛད་པ་	མཛད་པ་	VERB
དང་	དང་	NO_POS
།		PUNCT
དེ་ནས་	དེ་ནས་	NO_POS
སྨོན་ལམ་	སྨོན་ལམ་	NOUN
གང་	གང་	NO_POS
བཏབ་པ་	བཏབ་པ་	VERB
གཉིས་	གཉིས་	NUM
ལ་	ལ་	ADP
ས་	གིས་	PART
།		PUNCT
དང་པོ་	དང་པོ་	ADJ
༼		PUNCT
ཕྱག་	ཕྱག་	NOUN
སྔོན་	སྔོན་	ADV
དུ་	ལ་	PART
མཛད་པ་	མཛད་པ་	VERB
།༽		PUNCT
ནི་	ནི་	NO_POS
།		PUNCT
ཕྱག་	ཕྱག་	NOUN
གི་	གི་	PART
ཡུལ་	ཡུལ་	NOUN
ནི་	ནི་	NO_POS
དཀོན་མཆོག་	དཀོན་མཆོག་	NOUN
གསུམ་	གསུམ་	NUM
ཡིན་	ཡིན་	NO_POS
ལ་	ལ་	PART
།		PUNCT
དེ་ལས་	དེ་ལས་	NO_POS
སངས་རྒྱས་	སངས་རྒྱས་	NOUN
ནི་	ནི་	NO_POS
།		PUNCT
སངས་རྒྱས་	སངས་རྒྱས་	NOUN
ཀུན་	ཀུན་	DET
ལ་	ལ་	PART
ཕྱག་	ཕྱག་	NOUN
འཚལ་	འཚལ་	VERB
ལོ་	གོ་	PART
། །		PUNCT
ཀུན་	ཀུན་	DET
ཞེས་་	ཞེས་པ་	PART
བྱོན་	བྱོན་	VERB
ཟིན་པ་	ཟིན་པ་	VERB
ད་ལྟ་	ད་ལྟ་	OTHER
བཞུགས་པ་	བཞུགས་པ་	VERB
འབྱོན་པ་	འབྱོན་པ་	VERB
ར་	ལ་	PART
འགྱུར་བ་	འགྱུར་བ་	VERB
ཐམས་ཅད་	ཐམས་ཅད་	DET
དམིགས་པ་	དམིགས་པ་	VERB
འི་	གི་	PART
ཡུལ་	ཡུལ་	NOUN
དུ་	ལ་	PART
མཛད་པ་	མཛད་པ་	VERB
འོ་	གོ་	PART
། །		PUNCT
དགེ་འདུན་	དགེ་འདུན་	NOUN
ནི་	ནི་	NO_POS
།		PUNCT
དྲང་སྲོང་	དྲང་སྲོང་	NOUN
ལྷ་	ལྷ་	NOUN
མིག་ལྡན་པ་	མིག་ལྡན་པ་	ADJ
ཡི་	གི་	PART
། །		PUNCT
བྱང་ཆུབ་	བྱང་ཆུབ་	NOUN
སེམས་དཔའ་	སེམས་དཔའ་	NOUN
རྣམས་	རྣམས་	DET
དང་	དང་	NO_POS
།		PUNCT
དེ་	དེ་	DET
ས་	གིས་	PART
ནི་	ནི་	NO_POS
མངོན་པ་	མངོན་པ་	OTHER
ཤེས་པ་	ཤེས་པ་	VERB
དྲུག་	དྲུག་	NUM
ཐོབ་པ་	ཐོབ་པ་	VERB
འི་	གི་	PART
བྱང་ཆུབ་	བྱང་ཆུབ་	NOUN
སེམས་དཔ་	སེམས་དཔའ་	NOUN
འི་	གི་	PART
ཚོགས་	ཚོགས་	NOUN
།		PUNCT
ཡང་	ཀྱང་	PART
། །		PUNCT
ཉན་ཐོས་	ཉན་ཐོས་	NOUN
རྣམས་	རྣམས་	DET
ལ་	ལ་	PART
ཕྱག་	ཕྱག་	NOUN
འཚལ་	འཚལ་	VERB
ལོ་	གོ་	PART
། །		PUNCT
འཕགས་པ་	འཕགས་པ་	VERB
ཟུང་	ཟུང་	VERB
བཞི་	བཞི་	NUM
ཡ་	ཡ་	NOUN
བརྒྱད་	བརྒྱད་	NUM
ཀྱི་	གི་	PART
དགེ་འདུན་	དགེ་འདུན་	NOUN
ནོ་	གོ་	PART
། །		PUNCT
ཕྱག་	ཕྱག་	NOUN
ནི་	ནི་	NO_POS
ཡིད་	ཡིད་	NOUN
དང་	དང་	NO_POS
ལུས་འདུད་པ་	ལུས་འདུད་པ་	NO_POS
དང་	དང་	NO_POS
བཅས་པ་	བཅས་པ་	VERB
འི་	གི་	PART
ངག་	ངག་	NOUN
ཏུ་	ལ་	PART
ཕྱག་	ཕྱག་	NOUN
འཚལ་	འཚལ་	VERB
ལོ་	གོ་	PART
ཐོན་པ་	ཐོན་པ་	VERB
འོ་	གོ་	PART
། །		PUNCT
དམ་པ་	དམ་པ་	VERB
འི་	གི་	PART
ཆོ་	ཆོ་	NOUN
ནི་	ནི་	NO_POS
རྣམ་པ་	རྣམ་པ་	NOUN
གཉིས་	གཉིས་	NUM
ལ་	ལ་	ADP
ས་	གིས་	PART
།		PUNCT
དྲང་དོན་	དྲང་དོན་	NOUN
སྐྱེ་བ་	སྐྱེ་བ་	VERB
བཟང་པོ་	བཟང་པོ་	ADJ
ར་	ལ་	PART
བྱེད་པ་	བྱེད་པ་	VERB
དང་	དང་	NO_POS
།		PUNCT
ངེས་དོན་	ངེས་དོན་	NOUN
སྐྱེ་བ་	སྐྱེ་བ་	VERB
ཟད་པ་		
བྱེད་པ་	བྱེད་པ་	VERB
འོ་	གོ་	PART
། །		PUNCT
དེ་ལས་	དེ་ལས་	NO_POS
དང་པོ་	དང་པོ་	ADJ
ནི་	ནི་	NO_POS
།		PUNCT
ངན་འགྲོ་	ངན་འགྲོ་	NOUN
ནི་	ནི་	NO_POS
ངན་སོང་	ངན་སོང་	NOUN
གསུམ་	གསུམ་	NUM
།		PUNCT
དེ་	དེ་	DET
འི་	གི་	PART
ལམ་	གམ་	PART
ནི་	ནི་	NO_POS
མི་དགེ་བ་	མི་དགེ་བ་	NO_POS
།		PUNCT
དེ་ལས་	དེ་ལས་	NO_POS
ཟློག་པ་	ཟློག་པ་	VERB
ནི་	ནི་	NO_POS
སྡིག་པ་	སྡིག་པ་	VERB
ཐམས་ཅད་	ཐམས་ཅད་	DET
སྤང་བ་	སྤང་བ་	VERB
།		PUNCT
མཐོ་རིས་	མཐོ་རིས་	NOUN
ནི་	ནི་	NO_POS
མི་	མི་	PART
དང་	དང་	NO_POS
ལྷ་	ལྷ་	NOUN
རྣམ་པ་	རྣམ་པ་	NOUN
ར་	ལ་	PART
ཐར་པ་	ཐར་པ་	VERB
འི་	གི་	PART
སྣོད་	སྣོད་	NOUN
དག་	དག་	DET
།		PUNCT
དེ་	དེ་	DET
འི་	གི་	PART
ལམ་	གམ་	PART
ནི་	ནི་	NO_POS
།		PUNCT
འདུ་བྱེད་	འདུ་བྱེད་	NOUN
རྣམ་པ་	རྣམ་པ་	NOUN
གཉིས་	གཉིས་	NUM
ཀྱིས་	གིས་	PART
དགེ་བ་	དགེ་བ་	VERB
ཕུན་སུམ་	ཕུན་སུམ་	OTHER
ཚོགས་པ་	ཚོགས་པ་	VERB
ར་	ལ་	PART
སྤྱོད་པ་	སྤྱོད་པ་	VERB
དེ་	སྟེ་	PART
ལ་	ལ་	PART
མངོན་མཐོ་	མངོན་མཐོ་	NOUN
འི་	གི་	PART
ཐེག་པ་	ཐེག་པ་	NOUN
ཞེ་	ཅེས་	PART
བྱ་	བྱ་	VERB
།		PUNCT
ངེས་དོན་	ངེས་དོན་	NOUN
སྐྱེ་བ་	སྐྱེ་བ་	VERB
ཟད་པ་		
བྱེད་པ་	བྱེད་པ་	VERB
ནི་	ནི་	NO_POS
།		PUNCT
རྒ་ཤི་	རྒ་ཤི་	NOUN
མེད་པ་	མེད་པ་	VERB
མྱ་ངན་	མྱ་ངན་	NOUN
ལ་	ལ་	ADP
ས་	གིས་	PART
འདས་པ་	འདས་པ་	VERB
སྟེ་	སྟེ་	PART
།		PUNCT
དེ་ཡང་	དེ་ཡང་	ADV
ཞི་བ་	ཞི་བ་	VERB
མྱང་འདས་	མྱང་འདས་	NOUN
དང་	དང་	NO_POS
།		PUNCT
མི་	མི་	PART
གནས་པ་	གནས་པ་	VERB
འི་	གི་	PART
མྱང་འདས་	མྱང་འདས་	NOUN
གཉིས་	གཉིས་	NUM
སོ་	གོ་	PART
། །		PUNCT
འདྲེན་	འདྲེན་	NO_POS
བགྱིད་པ་	བགྱིད་པ་	VERB
། །		PUNCT
བྱང་ཆུབ་	བྱང་ཆུབ་	NOUN
སེམས་	སེམས་	NOUN
ལ་	ལ་	PART
ཕྱག་	ཕྱག་	NOUN
འཚལ་	འཚལ་	VERB
ལོ་	གོ་	PART
། །		PUNCT
དེ་	དེ་	DET
ར་	ལ་	PART
འདྲེན་པ་	འདྲེན་པ་	VERB
ནི་	ནི་	NO_POS
དེ་	དེ་	DET
ར་	ལ་	PART
བགྲོད་པ་	བགྲོད་པ་	VERB
འི་	གི་	PART
ལམ་	གམ་	PART
གྱི་	གི་	PART
རིམ་པ་	རིམ་པ་	NOUN
སྟེ་	སྟེ་	PART
།		PUNCT
དེ་ཡང་	དེ་ཡང་	ADV
ཉན་ཐོས་	ཉན་ཐོས་	NOUN
བྱང་ཆུབ་	བྱང་ཆུབ་	NOUN
ཏུ་	ལ་	PART
སེམས་བསྐྱེད་པ་	སེམས་བསྐྱེད་པ་	NOUN
དང་	དང་	NO_POS
།		PUNCT
རང་	རང་	PRON
བྱང་ཆུབ་	བྱང་ཆུབ་	NOUN
ཏུ་	ལ་	PART
དང་	དང་	NO_POS
།		PUNCT
བླ་	བླ་	NOUN
ན་	ལ་	PART
མེད་པ་	མེད་པ་	VERB
འི་	གི་	PART
བྱང་ཆུབ་	བྱང་ཆུབ་	NOUN
ཏུ་	ལ་	PART
སེམས་བསྐྱེད་པ་	སེམས་བསྐྱེད་པ་	NOUN
ར་	ལ་	PART
དེ་	སྟེ་	PART
དང་	དང་	NO_POS
དེ་	དེ་	DET
འི་	གི་	PART
བྱང་ཆུབ་	བྱང་ཆུབ་	NOUN
ཏུ་	ལ་	PART
བགྲོད་པ་	བགྲོད་པ་	VERB
ར་	ལ་	PART
བྱེད་པ་	བྱེད་པ་	VERB
འི་	གི་	PART
ལམ་	གམ་	PART
ཐམས་ཅད་	ཐམས་ཅད་	DET
འདུ་བ་	འདུ་བ་	VERB
ཡིན་	ཡིན་	NO_POS
ནོ་	གོ་	PART
། །		PUNCT
དེ་	སྟེ་	PART
ནི་	ནི་	NO_POS
ངེས་པ་	ངེས་པ་	VERB
ལེགས་པ་	ལེགས་པ་	VERB
འི་	གི་	PART
ཐེག་པ་	ཐེག་པ་	NOUN
ཞེ་	ཅེས་	PART
བྱ་	བྱ་	VERB
འོ་	གོ་	PART
། །		PUNCT
གཉིས་པ་	གཉིས་པ་	NUM
ལ་	ལ་	PART
།		PUNCT
རྒྱལ་བ་	རྒྱལ་བ་	NOUN
ཐམས་ཅད་	ཐམས་ཅད་	DET
ཀྱི་	གི་	PART
དམ་པ་	དམ་པ་	VERB
འི་	གི་	PART
ཆོ་	ཆོ་	NOUN
འཛིན་པ་	འཛིན་པ་	VERB
ར་	ལ་	PART
སྨོན་ལམ་	སྨོན་ལམ་	NOUN
བཏབ་པ་	བཏབ་པ་	VERB
དང་	དང་	NO_POS
།		PUNCT
དེ་	སྟེ་	PART
གང་	གང་	NO_POS
གིས་	གིས་	PART
སྒྲུབ་པ་	སྒྲུབ་པ་	VERB
འི་	གི་	PART
བྱང་ཆུབ་	བྱང་ཆུབ་	NOUN
སེམས་དཔ་	སེམས་དཔའ་	NOUN
འི་	གི་	PART
སྤྱོད་པ་	སྤྱོད་པ་	VERB
ཡོངས་སུ་	ཡོངས་སུ་	NO_POS
བསྔོ་བ་	བསྔོ་བ་	VERB
གཉིས་	གཉིས་	NUM
ལ་	ལ་	ADP
ས་	གིས་	PART
།		PUNCT
དང་པོ་	དང་པོ་	ADJ
ནི་	ནི་	NO_POS
།		PUNCT
ཐེག་པ་	ཐེག་པ་	NOUN
དང་པོ་	དང་པོ་	ADJ
དེ་	སྟེ་	PART
འཛིན་པ་	འཛིན་པ་	VERB
ནི་	ནི་	NO_POS
།		PUNCT
དེ་	སྟེ་	PART
ནི་ལ་	ནི་ལ་	NO_POS
ས་	གིས་	PART
ཀྱི་	གི་	PART
སྒྲིབ་པ་	སྒྲིབ་པ་	VERB
ཐམས་ཅད་	ཐམས་ཅད་	DET
རྣམ་པ་	རྣམ་པ་	NOUN
ར་	ལ་	PART
དག་པ་	དག་པ་	VERB
འི་	གི་	PART
མདོ་	མདོ་	NOUN
ལ་	ལ་	ADP
ས་	གིས་	PART
།		PUNCT
དགེ་སློང་	དགེ་སློང་	NOUN
ཅི་	ཅི་	NO_POS
སེམས་	སེམས་	NOUN
ཀུན་	ཀུན་	DET
ན་	ནས་	PART
ཉོན་མོངས་པ་	ཉོན་མོངས་པ་	NOUN
ས་	གིས་	PART
སེམས་ཅན་	སེམས་ཅན་	NOUN
རྣམས་	རྣམས་	DET
ཀུན་	ཀུན་	DET
ན་	ནས་	PART
ཉོན་མོངས་པ་	ཉོན་མོངས་པ་	NOUN
ཅན་	ཅན་	PART
དུ་	ལ་	PART
གྱུར་	གྱུར་	VERB
ལ་	ལ་	PART
།		PUNCT
སེམས་	སེམས་	NOUN
རྣམ་པ་	རྣམ་པ་	NOUN
ར་	ལ་	PART
དག་པ་	དག་པ་	VERB
ས་	གིས་	PART
སེམས་ཅན་	སེམས་ཅན་	NOUN
རྣམས་	རྣམས་	DET
རྣམ་པ་	རྣམ་པ་	NOUN
ར་	ལ་	PART
དག་པ་	དག་པ་	VERB
ར་	ལ་	PART
གྱུར་	གྱུར་	VERB
རོ་	རོ་	NOUN
། །		PUNCT
ཞེ་	ཅེས་	PART
གསུངས་པ་	གསུངས་པ་	VERB
ཉིད་	ཉིད་	DET
དེ་	སྟེ་	PART
།		PUNCT
འཁོར་བ་	འཁོར་བ་	NOUN
འམ་	གམ་	PART
མྱ་ངན་	མྱ་ངན་	NOUN
ལ་	ལ་	ADP
ས་	གིས་	PART
འདས་པ་	འདས་པ་	VERB
སེམས་	སེམས་	NOUN
ལ་	ལ་	PART
རག་	རག་	VERB
ལས་པ་	ལས་པ་	VERB
ར་	ལ་	PART
བསྟན་	བསྟན་	VERB
ལ་	ལ་	PART
།		PUNCT
འཁོར་བ་	འཁོར་བ་	NOUN
དེ་	དེ་	DET
ར་	ལ་	PART
སྐྱེ་བ་	སྐྱེ་བ་	VERB
ངན་པ་	ངན་པ་	VERB
དང་	དང་	NO_POS
བཟང་བ་	བཟང་བ་	VERB
སྡིག་པ་	སྡིག་པ་	VERB
དང་	དང་	NO_POS
དགེ་བ་	དགེ་བ་	VERB
འི་	གི་	PART
མཐུ་	མཐུ་	NOUN
དགེ་	དགེ་	NOUN
འམ་	གམ་	PART
སྡིག་	སྡིག་	NOUN
ཀྱང་	ཀྱང་	PART
བསམ་པ་	བསམ་པ་	VERB
ལ་	ལ་	PART
རག་	རག་	VERB
ལས་པ་	ལས་པ་	VERB
ས་	གིས་	PART
།		PUNCT
ཨཱརྻ་		NON_WORD
དེ་ཝ་	དེ་ཝ་	X
ས་	གིས་	PART
།		PUNCT
དེ་ཕྱིར་	དེ་ཕྱིར་	NO_POS
བསམ་པ་	བསམ་པ་	VERB
འི་	གི་	PART
རྩ་བ་	རྩ་བ་	NOUN
ལ་	ལ་	PART
། །		PUNCT
བསོད་ནམས་	བསོད་ནམས་	NOUN
སྡིག་པ་	སྡིག་པ་	VERB
རྣམ་པ་	རྣམ་པ་	NOUN
ར་	ལ་	PART
གནས་	གནས་	NOUN
། །		PUNCT
ཞེ་	ཅེས་	PART
གསུངས་	གསུངས་	VERB
ཤིང་	ཅིང་	PART
།		PUNCT
འདུལ་བ་	འདུལ་བ་	VERB
འི་	གི་	PART
ལུང་	ལུང་	NOUN
ལ་	ལ་	ADP
ས་	གིས་	PART
།		PUNCT
ཆོ་	ཆོ་	NOUN
རྣམས་	རྣམས་	DET
སྔོན་	སྔོན་	ADV
དུ་	ལ་	PART
ཡིད་	ཡིད་	NOUN
འགྲོ་	འགྲོ་	VERB
ཡིད་	ཡིད་	NOUN
གཙོ་	གཙོ་	NOUN
ཡིན་	ཡིན་	NO_POS
། །		PUNCT
དང་	དང་	NO_POS
།		PUNCT
མངོན་པ་	མངོན་པ་	OTHER
།		PUNCT
འཇིག་རྟེན་	འཇིག་རྟེན་	NOUN
སྣ་ཚོགས་	སྣ་ཚོགས་	DET
ལ་	ལ་	ADP
ས་	གིས་	PART
ལ་	ལ་	ADP
ས་	གིས་	PART
སྐྱེ་	སྐྱེ་	VERB
། །		PUNCT
དེ་	སྟེ་	PART
ནི་	ནི་	NO_POS
སེམས་པ་	སེམས་པ་	VERB
དང་	དང་	NO_POS
དེ་	དེ་	DET
ས་	གིས་	PART
བྱ་	བྱ་	VERB
། །		PUNCT
ཞེ་	ཅེས་	PART
འབྱུང་བ་	འབྱུང་བ་	VERB
ཡིན་	ཡིན་	NO_POS
ནོ་	གོ་	PART
། །		PUNCT
བདག་	བདག་	PRON
གིས་	གིས་	PART
སྡིག་པ་	སྡིག་པ་	VERB
ཅི་	ཅི་	NO_POS
བགྱིས་པ་	བགྱིས་པ་	VERB
། །		PUNCT
སངས་རྒྱས་	སངས་རྒྱས་	NOUN
སྤྱན་སྔ་	སྤྱན་སྔ་	PROPN
ར་	ལ་	PART
མཆིས་	མཆིས་	VERB
ན་	ནས་	PART
སུ་	ལ་	PART
། །		PUNCT
བདག་	བདག་	PRON
གིས་	གིས་	PART
དེ་དག་	དེ་དག་	OTHER
བཤགས་པ་	བཤགས་པ་	VERB
ར་	ལ་	PART
བགྱི་	བགྱི་	VERB
། །		PUNCT
དེས་ན་	དེས་ན་	NO_POS
སྐྱེ་གནས་	སྐྱེ་གནས་	NOUN
ངན་པ་	ངན་པ་	VERB
དེ་	དེ་	DET
ར་	ལ་	PART
མི་	མི་	PART
འགྲོ་བ་	འགྲོ་བ་	VERB
ར་	ལ་	PART
འདོད་	འདོད་	VERB
ན་	ལ་	PART
།		PUNCT
སྔ་	སྔ་	NOUN
བྱ་	བྱ་	VERB
ཀྱི་	གི་	PART
སྡིག་པ་	སྡིག་པ་	VERB
བཤགས་	བཤགས་	NO_POS
ཤིང་	ཅིང་	PART
ཕྱི་	ཕྱི་	VERB
མི་	མི་	PART
བྱེད་པ་	བྱེད་པ་	VERB
སྡོམ་པ་	སྡོམ་པ་	NOUN
ཞིག་	ཅིག་	PART
དགོས་པ་	དགོས་པ་	VERB
ས་	གིས་	PART
བཤགས་པ་	བཤགས་པ་	VERB
བསྟན་	བསྟན་	VERB
།		PUNCT
དེ་ཡང་	དེ་ཡང་	ADV
སྟོབས་	སྟོབས་	NOUN
རྣམ་པ་	རྣམ་པ་	NOUN
བཞི་	བཞི་	NUM
ཚང་བ་	ཚང་བ་	VERB
འི་	གི་	PART
སྒོ་	སྒོ་	NOUN
ན་	ནས་	PART
ཏེ་	སྟེ་	PART
།		PUNCT
རྟེན་	རྟེན་	NOUN
གྱི་	གི་	PART
སྟོབས་	སྟོབས་	NOUN
།		PUNCT
རྣམ་པ་	རྣམ་པ་	NOUN
ར་	ལ་	PART
སུན་	སུན་	NO_POS
འབྱིན་པ་	འབྱིན་པ་	VERB
འི་	གི་	PART
སྟོབས་	སྟོབས་	NOUN
།		PUNCT
གཉེན་པོ་	གཉེན་པོ་	NOUN
ཀུན་	ཀུན་	DET
ཏུ་	ལ་	PART
སྤྱོད་པ་	སྤྱོད་པ་	VERB
འི་	གི་	PART
སྟོབས་	སྟོབས་	NOUN
།		PUNCT
ཉེས་པ་	ཉེས་པ་	VERB
ལ་	ལ་	ADP
ས་	གིས་	PART
སླ་	སླ་	ADV
ལྡོག་པ་	ལྡོག་པ་	VERB
འི་	གི་	PART
སྟོབས་	སྟོབས་	NOUN
སོ་	གོ་	PART
། །		PUNCT
བཤག་		NON_WORD
བྱ་	བྱ་	VERB
ཡང་	ཀྱང་	PART
།		PUNCT
སྔོན་བྱས་པ་	སྔོན་བྱས་པ་	NO_POS
།		PUNCT
བྱེད་	བྱེད་	VERB
དུ་	ལ་	PART
བཅུག་པ་	བཅུག་པ་	VERB
།		PUNCT
གཞན་	གཞན་	DET
བྱེད་པ་	བྱེད་པ་	VERB
ལ་	ལ་	PART
དགའ་བ་	དགའ་བ་	VERB
།		PUNCT
ད་ལྟ་		
བྱེད་པ་	བྱེད་པ་	VERB
།		PUNCT
བྱེད་	བྱེད་	VERB
དུ་	ལ་	PART
བཅུག་པ་	བཅུག་པ་	VERB
།		PUNCT
གཞན་	གཞན་	DET
བྱེད་པ་	བྱེད་པ་	VERB
ལ་	ལ་	PART
ཡི་	གི་	PART
རང་བ་	རང་བ་	VERB
རྣམས་	རྣམས་	DET
ཡིན་	ཡིན་	NO_POS
ལ་	ལ་	PART
།		PUNCT
བསྡམས་པ་	བསྡམས་པ་	NO_POS
ས་	གིས་	PART
མ་འོངས་པ་	མ་འོངས་པ་	OTHER
ན་	ལ་	PART
མི་	མི་	PART
འབྱུང་བ་	འབྱུང་བ་	VERB
འི་	གི་	PART
ཕྱི་	ཕྱི་	OTHER
དེ་	སྟེ་	PART
བཤགས་པ་	བཤགས་པ་	VERB
མ་	མ་	PART
གསུང་	གསུང་	VERB
ངོ་	གོ་	PART
། །		PUNCT
བདག་	བདག་	PRON
ལ་	ལ་	ADP
ས་	གིས་	PART
རྣམ་པ་	རྣམ་པ་	NOUN
གསུམ་	གསུམ་	NUM
གང་	གང་	NO_POS
གིས་	གིས་	PART
། །		PUNCT
བསོད་ནམས་	བསོད་ནམས་	NOUN
ཚོགས་	ཚོགས་	NOUN
ནི་	ནི་	NO_POS
བསྐྱེད་པ་	བསྐྱེད་པ་	VERB
སྟེ་	སྟེ་	PART
། །		PUNCT
མི་	མི་	PART
ར་	ལ་	PART
སྐྱེ་བ་	སྐྱེ་བ་	VERB
ར་	ལ་	PART
བྱེད་པ་	བྱེད་པ་	VERB
འི་	གི་	PART
བསོད་ནམས་	བསོད་ནམས་	NOUN
ཀྱི་	གི་	PART
ལ་	ལ་	ADP
ས་	གིས་	PART
དང་	དང་	NO_POS
།		PUNCT
ལྷ་	ལྷ་	NOUN
ར་	ལ་	PART
སྐྱེ་བ་	སྐྱེ་བ་	VERB
ར་	ལ་	PART
བྱེད་པ་	བྱེད་པ་	VERB
འི་	གི་	PART
བསོད་ནམས་	བསོད་ནམས་	NOUN
ཀྱི་	གི་	PART
ལ་	ལ་	ADP
ས་	གིས་	PART
དང་	དང་	NO_POS
།		PUNCT
ཁམས་	ཁམས་	NOUN
གོང་མ་	གོང་མ་	ADJ
ར་	ལ་	PART
སྐྱེ་བ་	སྐྱེ་བ་	VERB
ར་	ལ་	PART
བྱེད་པ་	བྱེད་པ་	VERB
འི་	གི་	PART
མི་གཡོ་བ་	མི་གཡོ་བ་	NO_POS
འི་	གི་	PART
ལ་	ལ་	ADP
ས་	གིས་	PART
གསུམ་	གསུམ་	NUM
སྟེ་	སྟེ་	PART
།		PUNCT
ལུགས་	ལུགས་	NOUN
ལ་	ལ་	ADP
ས་	གིས་	PART
།		PUNCT
མི་	མི་	PART
འི་	གི་	PART
ཐེག་པ་	ཐེག་པ་	NOUN
དང་	དང་	NO_POS
།		PUNCT
ལྷ་	ལྷ་	NOUN
འི་	གི་	PART
ཐེག་པ་	ཐེག་པ་	NOUN
དང་	དང་	NO_POS
།		PUNCT
ཚངས་པ་	ཚངས་པ་	PROPN
འི་	གི་	PART
ཐེག་པ་	ཐེག་པ་	NOUN
ཞེ་	ཅེས་	PART
མངོན་པ་	མངོན་པ་	OTHER
མཐོ་བ་	མཐོ་བ་	VERB
དེ་	སྟེ་	PART
གསུམ་	གསུམ་	NUM
དུ་	ལ་	PART
ཕྱེ་	ཕྱེ་	VERB
ན་	ནས་	PART
གསུངས་པ་	གསུངས་པ་	VERB
འི་	གི་	PART
ཕྱི་	ཕྱི་	OTHER
རོ་	རོ་	NOUN
། །		PUNCT
འཇིག་རྟེན་པ་	འཇིག་རྟེན་པ་	NOUN
ལ་	ལ་	PART
ཡེ་ཤེས་	ཡེ་ཤེས་	NOUN
ཀྱི་	གི་	PART
ཚོགས་	ཚོགས་	NOUN
མེད་པ་	མེད་པ་	VERB
ས་	གིས་	PART
ཐམས་ཅད་	ཐམས་ཅད་	DET
བསོད་ནམས་	བསོད་ནམས་	NOUN
ཀྱི་	གི་	PART
ཚོགས་	ཚོགས་	NOUN
སུ་	ལ་	PART
བགྲངས་		NON_WORD
སོ་	གོ་	PART
། །		PUNCT
ངེས་ལེགས་	ངེས་ལེགས་	NOUN
ཀྱི་	གི་	PART
ཐེག་པ་	ཐེག་པ་	NOUN
འཛིན་པ་	འཛིན་པ་	VERB
ནི་	ནི་	NO_POS
།		PUNCT
བདག་	བདག་	PRON
གི་	གི་	PART
ཀུན་མཁྱེན་	ཀུན་མཁྱེན་	OTHER
ས་བོན་	ས་བོན་	NOUN
ཏེ་	སྟེ་	PART
། །		PUNCT
བདག་	བདག་	PRON
གི་	གི་	PART
བྱང་ཆུབ་	བྱང་ཆུབ་	NOUN
མི་ཟད་	མི་ཟད་	NO_POS
ཤོག་	ཤོག་	VERB
།		PUNCT
ཀུན་མཁྱེན་	ཀུན་མཁྱེན་	OTHER
།		PUNCT
ཀུན་ཤེས་	ཀུན་ཤེས་	PROPN
།		PUNCT
དེ་	དེ་	DET
འི་	གི་	PART
གྲོག་	གྲོག་	NOUN
སྟོབས་	སྟོབས་	NOUN
ཀྱིས་	གིས་	PART
ལམ་ཤེས་	ལམ་ཤེས་	NO_POS
དང་	དང་	NO_POS
།		PUNCT
རྣམ་མཁྱེན་	རྣམ་མཁྱེན་	NOUN
ཡང་	ཀྱང་	PART
བསྟན་པ་	བསྟན་པ་	VERB
ས་	གིས་	PART
།		PUNCT
དེ་	སྟེ་	PART
གསུམ་	གསུམ་	NUM
ས་བོན་	ས་བོན་	NOUN
དུ་	ལ་	PART
བྱས་པ་	བྱས་པ་	VERB
ས་	གིས་	PART
འཕགས་པ་	འཕགས་པ་	VERB
བཞི་	བཞི་	NUM
མྱུ་གུ་	མྱུ་གུ་	NOUN
ལྟ་བུ་	ལྟ་བུ་	NOUN
ར་	ལ་	PART
འབྱུང་	འབྱུང་	VERB
ལ་	ལ་	PART
དེ་	དེ་	DET
ས་	གིས་	PART
བྱང་ཆུབ་པ་	བྱང་ཆུབ་པ་	NOUN
གསུམ་	གསུམ་	NUM
དུ་	ལ་	PART
འགྲུབ་པ་	འགྲུབ་པ་	VERB
ས་	གིས་	PART
མི་ཟད་པ་	མི་ཟད་པ་	NO_POS
སྟེ་	སྟེ་	PART
མང་བ་	མང་བ་	VERB
ཡིན་	ཡིན་	NO_POS
ལ་	ལ་	PART
།		PUNCT
དེ་བས་ན་	དེ་བས་ན་	NO_POS
འཕགས་པ་	འཕགས་པ་	VERB
ཉན་རང་	ཉན་རང་	NOUN
གཉིས་	གཉིས་	NUM
ཀུན་ཤེས་	ཀུན་ཤེས་	PROPN
ཀྱི་	གི་	PART
འབྲས་བུ་	འབྲས་བུ་	NOUN
འོ་	གོ་	PART
། །		PUNCT
ལམ་ཤེས་	ལམ་ཤེས་	NO_POS
ཀྱི་	གི་	PART
བྱང་སེམས་	བྱང་སེམས་	NOUN
འཕགས་པ་	འཕགས་པ་	VERB
འི་	གི་	PART
གནས་སྐབས་	གནས་སྐབས་	NOUN
།		PUNCT
དེ་	དེ་	DET
འི་	གི་	PART
མཐར་ཐུག་	མཐར་ཐུག་	NOUN
གི་	གི་	PART
འབྲས་བུ་	འབྲས་བུ་	NOUN
རྣམ་མཁྱེན་	རྣམ་མཁྱེན་	NOUN
ནོ་	གོ་	PART
། །		PUNCT
བདག་	བདག་	PRON
གི་	གི་	PART
ཞེ་	ཅེས་	PART
སྦྱར་བ་	སྦྱར་བ་	VERB
ནི་	ནི་	NO_POS
།		PUNCT
ཀུན་ཤེས་	ཀུན་ཤེས་	PROPN
དེ་	སྟེ་	PART
ལ་	ལ་	PART
ཡང་	ཀྱང་	PART
བྱང་ཆུབ་	བྱང་ཆུབ་	NOUN
སེམས་དཔའ་	སེམས་དཔའ་	NOUN
རྣམས་	རྣམས་	DET
ཀྱི་	གི་	PART
བསླབ་པ་	བསླབ་པ་	VERB
སྟེ་	སྟེ་	PART
།		PUNCT
བྱང་ཆུབ་	བྱང་ཆུབ་	NOUN
སེམས་དཔ་	སེམས་དཔའ་	NOUN
ས་	གིས་	PART
མི་སློབ་པ་	མི་སློབ་པ་	NO_POS
འི་	གི་	PART
། །		PUNCT
དེ་	སྟེ་	PART
ནི་	ནི་	NO_POS
གང་ཡང་	གང་ཡང་	NO_POS
ཡོད་	ཡོད་	VERB
མ་	མ་	PART
ཡིན་	ཡིན་	NO_POS
། །		PUNCT
ཞེས་་	ཞེས་པ་	PART
ས་	གིས་	PART
སོ་	གོ་	PART
། །		PUNCT
འོན་ཀྱང་	འོན་ཀྱང་	NO_POS
དེ་	སྟེ་	PART
ཤེས་པ་	ཤེས་པ་	VERB
ར་	ལ་	PART
བྱ་བ་	བྱ་བ་	VERB
འི་	གི་	PART
ཕྱི་	ཕྱི་	OTHER
ཡིན་	ཡིན་	NO_POS
ལ་	ལ་	PART
།		PUNCT
མངོན་དུ་	མངོན་དུ་	NO_POS
བྱ་བ་	བྱ་བ་	VERB
འི་	གི་	PART
ཕྱི་	ཕྱི་	OTHER
ནི་	ནི་	NO_POS
མ་	མ་	PART
ཡིན་	ཡིན་	NO_POS
ནོ་	གོ་	PART
། །		PUNCT
ངེས་པ་	ངེས་པ་	VERB
འི་	གི་	PART
དོན་	དོན་	NOUN
དུ་	ལ་	PART
།		PUNCT
ཀུན་མཁྱེན་	ཀུན་མཁྱེན་	OTHER
ནི་	ནི་	NO_POS
བདེ་བ་	བདེ་བ་	VERB
ར་	ལ་	PART
གཤེགས་པ་	གཤེགས་པ་	VERB
།		PUNCT
ས་བོན་	ས་བོན་	NOUN
ནི་	ནི་	NO_POS
དྲི་མ་	དྲི་མ་	NOUN
དགུ་	དགུ་	NUM
འི་	གི་	PART
སྦུབས་	སྦུབས་	NOUN
ན་	ལ་	PART
གནས་པ་	གནས་པ་	VERB
འི་	གི་	PART
ཚེ་	ཚེ་	NOUN
དེ་	སྟེ་	PART
ལ་	ལ་	PART
བདེ་བ་	བདེ་བ་	VERB
ར་	ལ་	PART
གཤེགས་པ་	གཤེགས་པ་	VERB
འི་	གི་	PART
སྙིང་པོ་	སྙིང་པོ་	NOUN
ཞེ་	ཅེས་	PART
བྱ་བ་	བྱ་བ་	VERB
ར་	ལ་	PART
བསྟན་པ་	བསྟན་པ་	VERB
ས་	གིས་	PART
ཁམས་	ཁམས་	NOUN
།		PUNCT
དེ་ཡང་	དེ་ཡང་	ADV
།		PUNCT
སེམས་ཅན་	སེམས་ཅན་	NOUN
།		PUNCT
བྱང་ཆུབ་	བྱང་ཆུབ་	NOUN
སེམས་དཔའ་	སེམས་དཔའ་	NOUN
།		PUNCT
བདེ་བ་	བདེ་བ་	VERB
ར་	ལ་	PART
གཤེགས་པ་	གཤེགས་པ་	VERB
ར་	ལ་	PART
སྟོན་པ་	སྟོན་པ་	NOUN
ནི་	ནི་	NO_POS
།		PUNCT
ངོ་བོ་	ངོ་བོ་	NOUN
ལ་	ལ་	PART
ཁྱད་པར་	ཁྱད་པར་	NOUN
འབྱེད་	འབྱེད་	VERB
རྒྱུ་མ་	རྒྱུ་མ་	NOUN
བྱུང་བ་	བྱུང་བ་	VERB
ས་	གིས་	PART
དང་	དང་	NO_POS
།		PUNCT
རྣམ་པ་	རྣམ་པ་	NOUN
ལ་	ལ་	PART
སྒྲིབ་པ་	སྒྲིབ་པ་	VERB
དང་	དང་	NO_POS
བཅས་པ་	བཅས་པ་	VERB
འི་	གི་	PART
ཚེ་	ཚེ་	NOUN
གནས་སྐབས་	གནས་སྐབས་	NOUN
དང་པོ་	དང་པོ་	ADJ
གཉིས་	གཉིས་	NUM
སུ་	ལ་	PART
བཞག་	བཞག་	VERB
།		PUNCT
སྒྲིབ་པ་	སྒྲིབ་པ་	VERB
དང་	དང་	NO_POS
བྲལ་བ་	བྲལ་བ་	VERB
ན་	ལ་	PART
ཕྱི་མ་	ཕྱི་མ་	ADJ
ར་	ལ་	PART
བཞག་པ་	བཞག་པ་	VERB
ས་	གིས་	PART
།		PUNCT
དེ་བཞིན་ཉིད་	དེ་བཞིན་ཉིད་	NOUN
ནི་	ནི་	NO_POS
ཐམས་ཅད་	ཐམས་ཅད་	DET
ལ་	ལ་	PART
། །		PUNCT
ཁྱད་པར་	ཁྱད་པར་	NOUN
མེད་	མེད་	VERB
ཀྱང་	ཀྱང་	PART
དག་	དག་	DET
གྱུར་པ་	གྱུར་པ་	VERB
། །		PUNCT
དེ་བཞིན་ཉིད་	དེ་བཞིན་ཉིད་	NOUN
ནི་	ནི་	NO_POS
དེ་	སྟེ་	PART
ཡི་	གི་	PART
ཕྱི་	ཕྱི་	OTHER
། །		PUNCT
འགྲོ་	འགྲོ་	VERB
ཀུན་	ཀུན་	DET
དེ་	དེ་	DET
འི་	གི་	PART
སྙིང་པོ་	སྙིང་པོ་	NOUN
ཅན་	ཅན་	PART
། །		PUNCT
ཞེ་	ཅེས་	PART
གསུངས་	གསུངས་	VERB
སོ་	གོ་	PART
། །		PUNCT
ངོ་བོ་	ངོ་བོ་	NOUN
རང་	རང་	PRON
གཅིག་	གཅིག་	NUM
ཡིན་པ་	ཡིན་པ་	AUX
འི་	གི་	PART
གནད་	གནད་	NOUN
དེ་	དེ་	DET
ས་	གིས་	PART
།		PUNCT
སྦྱངས་པ་	སྦྱངས་པ་	VERB
མཐར་ཐུག་	མཐར་ཐུག་	NOUN
ན་	ལ་	PART
དེ་	སྟེ་	PART
ཀ་	ཀ་	DET
མངོན་དུ་	མངོན་དུ་	NO_POS
འགྱུར་བ་	འགྱུར་བ་	VERB
ས་	གིས་	PART
འབྲས་བུ་	འབྲས་བུ་	NOUN
གཅིག་	གཅིག་	NUM
།		PUNCT
དེ་	དེ་	DET
འི་	གི་	PART
ཕྱི་	ཕྱི་	OTHER
།		PUNCT
མཐར་ཐུག་	མཐར་ཐུག་	NOUN
ཐེག་པ་	ཐེག་པ་	NOUN
གཅིག་	གཅིག་	NUM
ཏུ་	ལ་	PART
བསྟན་	བསྟན་	VERB
།		PUNCT
འདི་	འདི་	DET
ལ་	ལ་	ADP
ས་	གིས་	PART
རང་	རང་	PRON
སངས་རྒྱས་	སངས་རྒྱས་	NOUN
ན་	ལ་	PART
།		PUNCT
ཤུལ་	ཤུལ་	NOUN
ན་	ལ་	PART
སེམས་ཅན་	སེམས་ཅན་	NOUN
གཞན་	གཞན་	DET
མི་ལུས་	མི་ལུས་	NOUN
ཏེ་	སྟེ་	PART
།		PUNCT
རང་	རང་	PRON
དང་	དང་	NO_POS
གཞན་	གཞན་	DET
དུ་	ལ་	PART
སྣང་བ་	སྣང་བ་	VERB
ནི་	ནི་	NO_POS
གློ་བུར་་	གློ་བུར་བ་	OTHER
འཁྲུལ་པ་	འཁྲུལ་པ་	NO_POS
འི་	གི་	PART
ཆོ་	ཆོ་	NOUN
ཡིན་	ཡིན་	NO_POS
ནོ་	གོ་	PART
ཞེ་	ཅེས་	PART
ཀྱང་	ཀྱང་	PART
ཤེས་པ་	ཤེས་པ་	VERB
ར་	ལ་	PART
བྱ་	བྱ་	VERB
འོ་	གོ་	PART
། །		PUNCT
དེས་ན་	དེས་ན་	NO_POS
ཡུལ་	ཡུལ་	NOUN
འཁྲུལ་པ་	འཁྲུལ་པ་	NO_POS
མེད་	མེད་	VERB
ལ་	ལ་	PART
།		PUNCT
བློ་	བློ་	NOUN
འི་	གི་	PART
འཛིན་སྟངས་	འཛིན་སྟངས་	NOUN
ཀྱིས་	གིས་	PART
གཟུང་བ་	གཟུང་བ་	VERB
ས་	གིས་	PART
དེ་	སྟེ་	PART
དང་	དང་	NO_POS
བྲལ་	བྲལ་	VERB
དུ་	ལ་	PART
རུང་བ་	རུང་བ་	VERB
ས་	གིས་	PART
།		PUNCT
གློ་བུ་	གློ་བུ་	OTHER
དག་	དག་	DET
གི་	གི་	PART
ཁམས་	ཁམས་	NOUN
སྟོང་	སྟོང་	NUM
གི་	གི་	PART
། །		PUNCT
ཞེ་	ཅེས་	PART
ཐོབ་	ཐོབ་	VERB
།		PUNCT
རང་བཞིན་	རང་བཞིན་	NOUN
གཞན་	གཞན་	DET
དུ་	ལ་	PART
འགྱུར་	འགྱུར་	VERB
མི་	མི་	PART
སྲིད་པ་	སྲིད་པ་	VERB
ས་	གིས་	PART
།		PUNCT
བླ་མེད་	བླ་མེད་	ADJ
ཆོ་	ཆོ་	NOUN
ཀྱིས་	གིས་	PART
སྟོང་	སྟོང་	NUM
མ་	མ་	PART
ཡིན་	ཡིན་	NO_POS
། །		PUNCT
ཞེ་	ཅེས་	PART
བྱ་	བྱ་	VERB
།		PUNCT
རང་བཞིན་	རང་བཞིན་	NOUN
དེ་	སྟེ་	PART
བཤད་པ་	བཤད་པ་	VERB
ན་	ན་	ADP
འང་	ཀྱང་	PART
ནམ་མཁའ་	ནམ་མཁའ་	NOUN
ལྟ་བུ་	ལྟ་བུ་	NOUN
ཞེ་	ཅེས་	PART
དཔེ་	དཔེ་	NOUN
ར་	ལ་	PART
མཚོན་པ་	མཚོན་པ་	VERB
འི་	གི་	PART
དབང་	དབང་	NOUN
གིས་	གིས་	PART
དེ་	སྟེ་	PART
དངོས་པོ་	དངོས་པོ་	NOUN
ར་	ལ་	PART
མི་	མི་	PART
གཟུང་	གཟུང་	VERB
ངོ་	གོ་	PART
། །		PUNCT
དེ་བས་ན་	དེ་བས་ན་	NO_POS
འདི་	འདི་	DET
ར་	ལ་	PART
ཆོ་	ཆོ་	NOUN
ཐམས་ཅད་	ཐམས་ཅད་	DET
འཛིན་པ་	འཛིན་པ་	VERB
ར་	ལ་	PART
སྨོན་ལམ་	སྨོན་ལམ་	NOUN
བཏབ་	བཏབ་	VERB
།		PUNCT
སྨོན་ལམ་	སྨོན་ལམ་	NOUN
དེ་	དེ་	DET
ར་	ལ་	PART
བྱང་ཆུབ་	བྱང་ཆུབ་	NOUN
སེམས་དཔ་	སེམས་དཔའ་	NOUN
འི་	གི་	PART
ཡོངས་སུ་	ཡོངས་སུ་	NO_POS
བསྔོ་བ་	བསྔོ་བ་	VERB
ཐམས་ཅད་	ཐམས་ཅད་	DET
འདུས་པ་	འདུས་པ་	VERB
ར་	ལ་	PART
བཟང་སྤྱོད་	བཟང་སྤྱོད་	OTHER
འགྲེལ་བ་	འགྲེལ་བ་	NOUN
ལ་	ལ་	ADP
ས་	གིས་	PART
བཤད་པ་	བཤད་པ་	VERB
ས་	གིས་	PART
སྨོན་ལམ་	སྨོན་ལམ་	NOUN
ཐམས་ཅད་	ཐམས་ཅད་	DET
མདོ་	མདོ་	NOUN
ར་	ལ་	PART
བསྟན་པ་	བསྟན་པ་	VERB
ཡིན་	ཡིན་	NO_POS
ནོ་	གོ་	PART
། །		PUNCT
གཉིས་པ་	གཉིས་པ་	NUM
ལ་	ལ་	PART
འཇུག་པ་	འཇུག་པ་	VERB
འི་	གི་	PART
སྤྱོད་པ་	སྤྱོད་པ་	VERB
།		PUNCT
སྒྲུབ་པ་	སྒྲུབ་པ་	VERB
འི་	གི་	PART
སྤྱོད་པ་	སྤྱོད་པ་	VERB
།		PUNCT
འགྲུབ་པ་	འགྲུབ་པ་	VERB
འི་	གི་	PART
སྤྱོད་པ་	སྤྱོད་པ་	VERB
གསུམ་	གསུམ་	NUM
ལ་	ལ་	ADP
ས་	གིས་	PART
།		PUNCT
དང་པོ་	དང་པོ་	ADJ
༼		PUNCT
སྒྲུབ་པ་	སྒྲུབ་པ་	VERB
འི་	གི་	PART
སྤྱོད་པ་	སྤྱོད་པ་	VERB
།༽		PUNCT
ནི་	ནི་	NO_POS
།		PUNCT
ཕྱོགས་	ཕྱོགས་	NOUN
བཅུ་	བཅུ་	NUM
དག་	དག་	DET
གི་	གི་	PART
ཞིང་ཁམས་	ཞིང་ཁམས་	NOUN
སུ་	ལ་	PART
། །		PUNCT
སངས་རྒྱས་	སངས་རྒྱས་	NOUN
མཆོད་པ་	མཆོད་པ་	VERB
།		PUNCT
ཞིང་ཁམས་	ཞིང་ཁམས་	NOUN
ཐམས་ཅད་	ཐམས་ཅད་	DET
དུ་	ལ་	PART
མཆོད་པ་	མཆོད་པ་	VERB
འི་	གི་	PART
སྤྲིན་ཆེན་པོ་	སྤྲིན་ཆེན་པོ་	OTHER
ཡིད་	ཡིད་	NOUN
ཀྱིས་	གིས་	PART
སྤྲུལ་པ་	སྤྲུལ་པ་	VERB
།		PUNCT
དངོ་	དངོ་	NOUN
སུ་	ལ་	PART
བཤམས་པ་	བཤམས་པ་	VERB
དེ་དག་	དེ་དག་	OTHER
རང་	རང་	PRON
དུ་ཡོད་པ་	དུ་ཡོད་པ་	NO_POS
ར་	ལ་	PART
མོས་པ་	མོས་པ་	VERB
ས་	གིས་	PART
གཟུང་བ་	གཟུང་བ་	VERB
རྣམས་	རྣམས་	DET
ནི་	ནི་	NO_POS
རྒྱ་ཆེ་བ་	རྒྱ་ཆེ་བ་	NO_POS
འི་	གི་	PART
མཆོད་པ་	མཆོད་པ་	VERB
འོ་	གོ་	PART
། །		PUNCT
སེམས་ཅན་	སེམས་ཅན་	NOUN
མགུ་	མགུ་	VERB
བྱ་	བྱ་	VERB
མ་གཏོགས་པ་	མ་གཏོགས་པ་	NO_POS
། །		PUNCT
རྒྱལ་བ་	རྒྱལ་བ་	NOUN
མཉེས་པ་	མཉེས་པ་	VERB
འི་	གི་	PART
ཐབས་	ཐབས་	NOUN
གཞན་	གཞན་	DET
མེད་	མེད་	VERB
། །		PUNCT
ཅེས་པ་	ཅེས་པ་	PART
ས་	གིས་	PART
།		PUNCT
བྱང་ཆུབ་	བྱང་ཆུབ་	NOUN
ཏུ་	ལ་	PART
སེམས་བསྐྱེད་པ་	སེམས་བསྐྱེད་པ་	NOUN
རང་	རང་	PRON
མཆོད་པ་	མཆོད་པ་	VERB
ཐམས་ཅད་	ཐམས་ཅད་	DET
ཀྱི་	གི་	PART
མཆོག་	མཆོག་	ADJ
ཡིན་པ་	ཡིན་པ་	AUX
ས་	གིས་	PART
དེ་	སྟེ་	PART
སྟོན་པ་	སྟོན་པ་	NOUN
ཡིན་	ཡིན་	NO_POS
ནོ་	གོ་	PART
། །		PUNCT
སངས་རྒྱས་	སངས་རྒྱས་	NOUN
མཁྱེན་པ་	མཁྱེན་པ་	VERB
ས་	གིས་	PART
ཡི་	གི་	PART
རང་བ་	རང་བ་	VERB
། །		PUNCT
དེ་	སྟེ་	PART
ལ་	ལ་	PART
བདག་	བདག་	PRON
ནི་	ནི་	NO_POS
ཡི་	གི་	PART
རང་	རང་	PRON
ངོ་	གོ་	PART
། །		PUNCT
འཁོར་གསུམ་	འཁོར་གསུམ་	NO_POS
དག་པ་	དག་པ་	VERB
ཉིད་	ཉིད་	DET
བླ་	བླ་	NOUN
ན་	ལ་	PART
མེད་པ་	མེད་པ་	VERB
འི་	གི་	PART
མཆོད་པ་	མཆོད་པ་	VERB
ཡིན་པ་	ཡིན་པ་	AUX
ས་	གིས་	PART
དེ་	སྟེ་	PART
བཤད་པ་	བཤད་པ་	VERB
འོ་	གོ་	PART
། །		PUNCT
སྡིག་པ་	སྡིག་པ་	VERB
ཐམས་ཅད་	ཐམས་ཅད་	DET
བཤགས་པ་	བཤགས་པ་	VERB
ར་	ལ་	PART
བགྱི་	བགྱི་	VERB
། །		PUNCT
གཞན་	གཞན་	DET
གྱི་	གི་	PART
།		PUNCT
བསོད་ནམས་	བསོད་ནམས་	NOUN
ཀུན་	ཀུན་	DET
ལ་	ལ་	PART
ཡི་	གི་	PART
རང་	རང་	PRON
ངོ་	གོ་	PART
། །		PUNCT
སངས་རྒྱས་	སངས་རྒྱས་	NOUN
ཀུན་	ཀུན་	DET
ལ་	ལ་	PART
ཕྱག་	ཕྱག་	NOUN
འཚལ་	འཚལ་	VERB
ལོ་	གོ་	PART
། །		PUNCT
བདག་	བདག་	PRON
ནི་	ནི་	NO_POS
ཡེ་ཤེས་	ཡེ་ཤེས་	NOUN
མཆོག་ཐོབ་	མཆོག་ཐོབ་	OTHER
ཤོག་	ཤོག་	VERB
།		PUNCT
བཞི་པ་	བཞི་པ་	ADJ
དེ་	སྟེ་	PART
གང་	གང་	NO_POS
དུ་	ལ་	PART
བསྔོས་པ་	བསྔོས་པ་	VERB
དེ་ལྟ་	དེ་ལྟ་	NO_POS
བསྒྱུར་བ་	བསྒྱུར་བ་	VERB
ར་	ལ་	PART
བྱས་པ་	བྱས་པ་	VERB
ས་	གིས་	PART
དགེ་བ་	དགེ་བ་	VERB
འི་	གི་	PART
རྩ་བ་	རྩ་བ་	NOUN
རྣམས་	རྣམས་	DET
ལ་	ལ་	PART
གསེར་འགྱུར་	གསེར་འགྱུར་	NOUN
གྱི་	གི་	PART
རྩི་	རྩི་	NOUN
ལྟ་བུ་	ལྟ་བུ་	NOUN
འོ་	གོ་	PART
། །		PUNCT
ཕྱོགས་	ཕྱོགས་	NOUN
བཅུ་	བཅུ་	NUM
དག་	དག་	DET
གི་	གི་	PART
ཕྱོགས་	ཕྱོགས་	NOUN
རྣམས་	རྣམས་	DET
ན་	ལ་	PART
། །		PUNCT
ས་བཅུ་	ས་བཅུ་	NO_POS
དག་	དག་	DET
ལ་	ལ་	PART
གནས་པ་	གནས་པ་	VERB
ཡི་	གི་	PART
། །		PUNCT
བྱང་ཆུབ་	བྱང་ཆུབ་	NOUN
སེམས་དཔའ་	སེམས་དཔའ་	NOUN
བྱང་ཆུབ་	བྱང་ཆུབ་	NOUN
མཆོག་	མཆོག་	ADJ
།		PUNCT
འཚང་	འཚང་	VERB
རྒྱ་	རྒྱ་	NOUN
བགྱི་	བགྱི་	VERB
བ་	བ་	NOUN
བསྐུལ་མ་	བསྐུལ་མ་	NOUN
འདེབས་	འདེབས་	VERB
། །		PUNCT
སྡེ་	སྡེ་	NOUN
དང་	དང་	NO_POS
བཅས་པ་	བཅས་པ་	VERB
འི་	གི་	PART
བདུད་	བདུད་	NOUN
བཏུལ་	བཏུལ་	NO_POS
ན་	ནས་	PART
། །		PUNCT
བྱང་ཆུབ་	བྱང་ཆུབ་	NOUN
དམ་པ་	དམ་པ་	VERB
ར་	ལ་	PART
སངས་རྒྱས་	སངས་རྒྱས་	NOUN
ཏེ་	སྟེ་	PART
། །		PUNCT
སྲོག་ཆགས་	སྲོག་ཆགས་	NOUN
ཀུན་	ཀུན་	DET
ལ་སྨན་	ལ་སྨན་	NO_POS
སླད་	སླད་	NOUN
དུ་	ལ་	PART
། །		PUNCT
ཆོ་	ཆོ་	NOUN
ཀྱི་	གི་	PART
འཁོར་ལོ་	འཁོར་ལོ་	NOUN
བསྐོར་	བསྐོར་	VERB
གྱུར་ཅིག་	གྱུར་ཅིག་	NO_POS
།		PUNCT
ཅེས་	ཅེས་	PART
བསྒྱུར་བ་	བསྒྱུར་བ་	VERB
ལྟ་	ལྟ་	OTHER
འཐད་	འཐད་	VERB
དོ་	གོ་	PART
། །		PUNCT
འདི་	འདི་	DET
ནི་	ནི་	NO_POS
བྱང་ཆུབ་	བྱང་ཆུབ་	NOUN
སེམས་དཔའ་	སེམས་དཔའ་	NOUN
སེམས་དཔའ་	སེམས་དཔའ་	NOUN
ཆེན་པོ་	ཆེན་པོ་	ADJ
རྣམས་	རྣམས་	DET
ལ་	ལ་	PART
བསྐུལ་མ་	བསྐུལ་མ་	NOUN
འདེབས་པ་	འདེབས་པ་	VERB
འོ་	གོ་	PART
། །		PUNCT
ཆོ་	ཆོ་	NOUN
རྔ་ཆེན་པོ་	རྔ་ཆེན་པོ་	OTHER
འི་	གི་	PART
སྒྲ་	སྒྲ་	NOUN
ཡི་	གིས་	PART
ནི་	ནི་	NO_POS
། །		PUNCT
སྡུག་བསྔལ་	སྡུག་བསྔལ་	NOUN
སེམས་ཅན་	སེམས་ཅན་	NOUN
མཐ་	མཐའ་	NOUN
ར་	ལ་	PART
བགྱིད་	བགྱིད་	NO_POS
ཤོག་	ཤོག་	VERB
།		PUNCT
སངས་རྒྱས་	སངས་རྒྱས་	NOUN
རྣམས་	རྣམས་	DET
ལ་	ལ་	PART
ཆོ་	ཆོ་	NOUN
ཀྱི་	གི་	PART
འཁོར་ལོ་	འཁོར་ལོ་	NOUN
བསྐོར་བ་	བསྐོར་བ་	VERB
བསྐུལ་བ་	བསྐུལ་བ་	VERB
འོ་	གོ་	PART
། །		PUNCT
བསྐལ་པ་	བསྐལ་པ་	NOUN
བྱེ་བ་	བྱེ་བ་	NOUN
བསམ་ཡས་	བསམ་ཡས་	PROPN
སུ་	ལ་	PART
། །		PUNCT
ཆོས་སྟོན་	ཆོས་སྟོན་	NOUN
མཛད་	མཛད་	VERB
ཅིང་	ཅིང་	PART
བཞུགས་	བཞུགས་	VERB
གྱུར་ཅིག་	གྱུར་ཅིག་	NO_POS
།		PUNCT
མྱ་ངན་	མྱ་ངན་	NOUN
ལས་མི་	ལས་མི་	NOUN
འདའ་བ་	འདའ་བ་	VERB
གསོལ་བ་	གསོལ་བ་	VERB
འདེབས་པ་	འདེབས་པ་	VERB
སྟེ་	སྟེ་	PART
ཡན་ལག་	ཡན་ལག་	NOUN
བདུན་པ་	བདུན་པ་	NUM
སྔོན་	སྔོན་	ADV
དུ་	ལ་	PART
འགྲོ་བ་	འགྲོ་བ་	VERB
འི་	གི་	PART
ཆོ་	ཆོ་	NOUN
སོ་	གོ་	PART
། །		PUNCT
འདོད་པ་	འདོད་པ་	VERB
འི་	གི་	PART
འདམ་	འདམ་	NO_POS
དུ་	ལ་	PART
བྱིང་	བྱིང་	NO_POS
གྱུར་	གྱུར་	VERB
ཅིང་	ཅིང་	PART
། །		PUNCT
སྲེད་པ་	སྲེད་པ་	VERB
འི་	གི་	PART
སྲད་བུ་	སྲད་བུ་	NO_POS
ས་	གིས་	PART
དམ་	གམ་	PART
བཅིངས་པ་	བཅིངས་པ་	VERB
། །		PUNCT
འཆིང་བ་	འཆིང་བ་	VERB
ཀུན་	ཀུན་	DET
གྱིས་	གིས་	PART
བཅིངས་	བཅིངས་	VERB
དག་	དག་	DET
ལ་	ལ་	PART
། །		PUNCT
གང་	གང་	NO_POS
བསྐྱབ་པ་	བསྐྱབ་པ་	VERB
འི་	གི་	PART
སེམས་ཅན་	སེམས་ཅན་	NOUN
།		PUNCT
གང་	གང་	NO_POS
གིས་	གིས་	PART
སྐྱོབ་པ་	སྐྱོབ་པ་	VERB
།		PUNCT
མཐར་ཐུག་པ་	མཐར་ཐུག་པ་	NOUN
འི་	གི་	PART
སྐྱབས་	སྐྱབས་	NOUN
དེ་	སྟེ་	PART
ཁོ་ན་	ཁོ་ན་	DET
ཡིན་	ཡིན་	NO_POS
ལ་	ལ་	PART
།		PUNCT
དེ་	སྟེ་	PART
ལ་	ལ་	PART
ཆོ་	ཆོ་	NOUN
དང་	དང་	NO_POS
དགེ་འདུན་	དགེ་འདུན་	NOUN
ཡང་	ཀྱང་	PART
འདུ་བ་	འདུ་བ་	VERB
ཡིན་	ཡིན་	NO_POS
ན་	ལ་	PART
།		PUNCT
སེམས་	སེམས་	NOUN
ཀྱི་	གི་	PART
དྲི་མ་	དྲི་མ་	NOUN
ར་	ལ་	PART
གྱུར་པ་	གྱུར་པ་	VERB
ལ་	ལ་	PART
། །		PUNCT
སངས་རྒྱས་	སངས་རྒྱས་	NOUN
རྣམས་	རྣམས་	DET
ནི་	ནི་	NO_POS
སྨོད་	སྨོད་	NO_POS
མི་	མི་	PART
མཛད་	མཛད་	VERB
། །		PUNCT
སེམས་ཅན་	སེམས་ཅན་	NOUN
རྣམས་	རྣམས་	DET
ལ་	ལ་	PART
བྱམས་	བྱམས་	VERB
ཐུགས་	ཐུགས་	NOUN
ལྡན་	ལྡན་	VERB
། །		PUNCT
སྐྱོབ་པ་	སྐྱོབ་པ་	VERB
འི་	གི་	PART
རྒྱུ་མཚན་	རྒྱུ་མཚན་	NOUN
།		PUNCT
བུ་	བུ་	NOUN
མ་	མ་	PART
རུང་	རུང་	SCONJ
ཀྱང་	ཀྱང་	PART
མ་	མ་	PART
དེ་	སྟེ་	PART
ལ་	ལ་	PART
ལྷག་པ་		
བརྩེ་བ་	བརྩེ་བ་	VERB
ཡིན་པ་	ཡིན་པ་	AUX
ས་	གིས་	PART
སོ་	གོ་	PART
། །		PUNCT
ཇི་ལྟ་		
བསྐྱབ་པ་	བསྐྱབ་པ་	VERB
།		PUNCT
སྲིད་པ་	སྲིད་པ་	VERB
འི་	གི་	PART
མཚོ་	མཚོ་	NOUN
ལ་	ལ་	ADP
ས་	གིས་	PART
སྒྲོལ་བ་	སྒྲོལ་བ་	VERB
ར་	ལ་	PART
ཤོག་	ཤོག་	VERB
།		PUNCT
རྫོགས་པ་	རྫོགས་པ་	VERB
འི་	གི་	PART
སངས་རྒྱས་	སངས་རྒྱས་	NOUN
གང་	གང་	NO_POS
བཞུགས་	བཞུགས་	VERB
དང་	དང་	NO_POS
། །		PUNCT
གང་དག་	གང་དག་	NO_POS
འདའ་	འདའ་	VERB
དང་	དང་	NO_POS
མ་	མ་	PART
བྱོན་པ་	བྱོན་པ་	VERB
། །		PUNCT
དེ་དག་	དེ་དག་	OTHER
རྗེས་སུ་	རྗེས་སུ་	OTHER
བདག་	བདག་	PRON
སློབ་	སློབ་	VERB
ཅིང་	ཅིང་	PART
། །		PUNCT
བྱང་ཆུབ་	བྱང་ཆུབ་	NOUN
སྤྱད་པ་	སྤྱད་པ་	VERB
སྤྱོད་	སྤྱོད་	VERB
གྱུར་ཅིག་	གྱུར་ཅིག་	NO_POS
།		PUNCT
ཕ་རོལ་	ཕ་རོལ་	NOUN
ཕྱིན་	ཕྱིན་	VERB
དྲུག་	དྲུག་	NUM
རྫོགས་	རྫོགས་	VERB
བགྱི་	བགྱི་	VERB
ན་	ནས་	PART
། །		PUNCT
འགྲོ་	འགྲོ་	VERB
དྲུག་	དྲུག་	NUM
སེམས་ཅན་	སེམས་ཅན་	NOUN
མཐ་	མཐའ་	NOUN
ར་	ལ་	PART
བགྱིད་	བགྱིད་	NO_POS
ཤོག་	ཤོག་	VERB
།		PUNCT
སེམས་བསྐྱེད་པ་	སེམས་བསྐྱེད་པ་	NOUN
ཁྱད་པར་ཅན་	ཁྱད་པར་ཅན་	ADJ
གྱི་	གི་	PART
ཆོ་ག་	ཆོ་ག་	NOUN
དེ་	སྟེ་	PART
དངོས་གཞི་	དངོས་གཞི་	NOUN
འོ་	གོ་	PART
། །		PUNCT
ཁྱད་པར་ཅན་	ཁྱད་པར་ཅན་	ADJ
མ་ཡིན་པ་	མ་ཡིན་པ་	OTHER
ནི་	ནི་	NO_POS
ཉན་ཐོས་	ཉན་ཐོས་	NOUN
ཀྱི་	གི་	PART
གཞུང་ལས་	གཞུང་ལས་	NO_POS
ཀྱང་	ཀྱང་	PART
བཤད་པ་	བཤད་པ་	VERB
དང་	དང་	NO_POS
།		PUNCT
འདི་	འདི་	DET
དེ་	དེ་	DET
ར་	ལ་	PART
མ་	མ་	PART
བཤད་པ་	བཤད་པ་	VERB
ས་	གིས་	PART
འཕགས་པ་	འཕགས་པ་	VERB
ཀླུ་སྒྲུབ་	ཀླུ་སྒྲུབ་	PROPN
ཀྱིས་	གིས་	PART
།		PUNCT
ཉན་ཐོས་	ཉན་ཐོས་	NOUN
སྡེ་སྣོད་	སྡེ་སྣོད་	NOUN
དེ་ལས་	དེ་ལས་	NO_POS
ནི་	ནི་	NO_POS
། །		PUNCT
སྤྱོད་པ་	སྤྱོད་པ་	VERB
ཡོངས་བསྔོ་	ཡོངས་བསྔོ་	NO_POS
མ་	མ་	PART
བཤད་	བཤད་	VERB
དེ་	སྟེ་	PART
། །		PUNCT
ཞེ་	ཅེས་	PART
གསུངས་པ་	གསུངས་པ་	VERB
ཤེས་པ་	ཤེས་པ་	VERB
ར་	ལ་	PART
བྱ་	བྱ་	VERB
ཡི་	གི་	PART
།		PUNCT
དེ་	དེ་	DET
འི་	གི་	PART
གཞུང་ལས་	གཞུང་ལས་	NO_POS
བསྔོ་བ་	བསྔོ་བ་	VERB
མ་	མ་	PART
བཤད་པ་	བཤད་པ་	VERB
ལྟ་བུ་	ལྟ་བུ་	NOUN
ར་	ལ་	PART
སེམས་པ་	སེམས་པ་	VERB
ནི་	ནི་	NO_POS
ནོར་བ་	ནོར་བ་	VERB
ཡིན་	ཡིན་	NO_POS
ནོ་	གོ་	PART
། །		PUNCT
བློ་ལྡན་	བློ་ལྡན་	NOUN
སེམས་	སེམས་	NOUN
མཆོག་	མཆོག་	ADJ
བསྐྱེད་	བསྐྱེད་	VERB
མ་	མ་	PART
ཐག་	ཐག་	VERB
ཏུ་	ལ་	PART
ཡང་	ཀྱང་	PART
། །		PUNCT
མཐའ་	མཐའ་	NOUN
ཡ་		
ཉེས་པ་	ཉེས་པ་	VERB
བྱེད་ལས་	བྱེད་ལས་	NOUN
སེམས་	སེམས་	NOUN
རབ་	རབ་	ADV
བསྡམས་	བསྡམས་	NO_POS
། །		PUNCT
ཞེས་་	ཞེས་པ་	PART
ས་	གིས་	PART
བྱང་ཆུབ་	བྱང་ཆུབ་	NOUN
ཏུ་	ལ་	PART
སེམས་བསྐྱེད་པ་	སེམས་བསྐྱེད་པ་	NOUN
དེ་	སྟེ་	PART
ཀ་	ཀ་	DET
བྱང་ཆུབ་	བྱང་ཆུབ་	NOUN
སེམས་	སེམས་	NOUN
ཀྱི་	གི་	PART
སྡོམ་པ་	སྡོམ་པ་	NOUN
ར་	ལ་	PART
སོང་	སོང་	VERB
།		PUNCT
སེམས་བསྐྱེད་པ་	སེམས་བསྐྱེད་པ་	NOUN
དེ་ཡང་	དེ་ཡང་	ADV
སྒྲུབ་པ་	སྒྲུབ་པ་	VERB
ཕུན་སུམ་	ཕུན་སུམ་	OTHER
ཚོགས་པ་	ཚོགས་པ་	VERB
ས་	གིས་	PART
རྫོགས་པ་	རྫོགས་པ་	VERB
ར་	ལ་	PART
བྱ་	བྱ་	VERB
དགོས་པ་	དགོས་པ་	VERB
ས་	གིས་	PART
།		PUNCT
གཉིས་པ་	གཉིས་པ་	NUM
བསྒྲུབ་པ་	བསྒྲུབ་པ་	VERB
འི་	གི་	PART
སྤྱོད་པ་	སྤྱོད་པ་	VERB
ལ་	ལ་	PART
།		PUNCT
དོན་དམ་	དོན་དམ་	NOUN
འཛིན་པ་	འཛིན་པ་	VERB
འི་	གི་	PART
ཤེས་རབ་	ཤེས་རབ་	NOUN
དང་	དང་	NO_POS
།		PUNCT
ཀུན་རྫོབ་	ཀུན་རྫོབ་	NOUN
འཛིན་པ་	འཛིན་པ་	VERB
འི་	གི་	PART
སྙིང་རྗེ་	སྙིང་རྗེ་	NOUN
གཉིས་	གཉིས་	NUM
།		PUNCT
དང་པོ་	དང་པོ་	ADJ
ལ་	ལ་	PART
།		PUNCT
སྔོན་	སྔོན་	ADV
དུ་	ལ་	PART
འགྲོ་བ་	འགྲོ་བ་	VERB
ཞི་གནས་	ཞི་གནས་	NOUN
།		PUNCT
དེ་	སྟེ་	PART
ལ་	ལ་	PART
གནས་པ་	གནས་པ་	VERB
འི་	གི་	PART
ལྷག་མཐོང་	ལྷག་མཐོང་	NOUN
གཉིས་	གཉིས་	NUM
ལ་	ལ་	ADP
ས་	གིས་	PART
།		PUNCT
དང་པོ་	དང་པོ་	ADJ
༼		PUNCT
སྔོན་	སྔོན་	ADV
དུ་	ལ་	PART
འགྲོ་བ་	འགྲོ་བ་	VERB
།༽		PUNCT
ནི་	ནི་	NO_POS
།		PUNCT
མངོན་ཤེས་	མངོན་ཤེས་	NOUN
དྲུག་པོ་	དྲུག་པོ་	NUM
མངོན་	མངོན་	VERB
བགྱི་	བགྱི་	VERB
ན་	ནས་	PART
། །		PUNCT
བླ་མེད་	བླ་མེད་	ADJ
བྱང་ཆུབ་	བྱང་ཆུབ་	NOUN
རེག་	རེག་	VERB
གྱུར་ཅིག་	གྱུར་ཅིག་	NO_POS
།		PUNCT
འདི་	འདི་	DET
ལ་	ལ་	PART
ཨ་	ཨ་	X
ཏི་	ཏི་	NO_POS
ཤ་	ཤ་	DET
།		PUNCT
བསོད་ནམས་	བསོད་ནམས་	NOUN
ཡེ་ཤེས་	ཡེ་ཤེས་	NOUN
རང་བཞིན་	རང་བཞིན་	NOUN
གྱིས་	གིས་	PART
། །		PUNCT
ཚོགས་	ཚོགས་	NOUN
ནི་	ནི་	NO_POS
ཡོངས་སུ་	ཡོངས་སུ་	NO_POS
རྫོགས་པ་	རྫོགས་པ་	VERB
ཡི་	གི་	PART
། །		PUNCT
རྒྱུ་	རྒྱུ་	NOUN
ནི་	ནི་	NO_POS
སངས་རྒྱས་	སངས་རྒྱས་	NOUN
ཐམས་ཅད་	ཐམས་ཅད་	DET
དག་	དག་	DET
།		PUNCT
མངོན་ཤེས་	མངོན་ཤེས་	NOUN
བསྐྱེད་པ་	བསྐྱེད་པ་	VERB
ཉིད་	ཉིད་	DET
དུ་	ལ་	PART
བཞེད་	བཞེད་	VERB
། །		PUNCT
ཇི་ལྟ་		
འདབ་	འདབ་	OTHER
གཤོག་	གཤོག་	VERB
མ་ཚང་བ་	མ་ཚང་བ་	NO_POS
འི་	གི་	PART
། །		PUNCT
བྱ་	བྱ་	VERB
ནི་	ནི་	NO_POS
མཁའ་	མཁའ་	NOUN
ལ་	ལ་	PART
འཕུར་	འཕུར་	NO_POS
མི་	མི་	PART
ནུས་	ནུས་	VERB
། །		PUNCT
དེ་བཞིན་	དེ་བཞིན་	OTHER
མངོན་ཤེས་	མངོན་ཤེས་	NOUN
སྟོབས་	སྟོབས་	NOUN
བྲལ་བ་	བྲལ་བ་	VERB
ས་	གིས་	PART
། །		PUNCT
སེམས་ཅན་	སེམས་ཅན་	NOUN
དོན་	དོན་	NOUN
བྱེད་	བྱེད་	VERB
ནུས་	ནུས་	VERB
མ་	མ་	PART
ཡིན་	ཡིན་	NO_POS
། །		PUNCT
མངོན་ཤེས་	མངོན་ཤེས་	NOUN
ལྡན་པ་	ལྡན་པ་	VERB
འི་	གི་	PART
ཉིན་མཚན་	ཉིན་མཚན་	ADV
གྱི་	གི་	PART
། །		PUNCT
བསོད་ནམས་	བསོད་ནམས་	NOUN
དག་	དག་	DET
ནི་	ནི་	NO_POS
གང་ཡིན་པ་	གང་ཡིན་པ་	NO_POS
། །		PUNCT
མངོན་ཤེས་	མངོན་ཤེས་	NOUN
དག་	དག་	DET
དང་	དང་	NO_POS
བྲལ་	བྲལ་	VERB
གྱུར་པ་	གྱུར་པ་	VERB
། །		PUNCT
སྐྱེ་བ་	སྐྱེ་བ་	VERB
བརྒྱ་	བརྒྱ་	NUM
ར་	ལ་	PART
ཡང་	ཀྱང་	PART
ཡོད་	ཡོད་	VERB
མ་	མ་	PART
ཡིན་	ཡིན་	NO_POS
། །		PUNCT
མངོན་ཤེས་	མངོན་ཤེས་	NOUN
ཀྱང་	ཀྱང་	PART
ཞི་གནས་	ཞི་གནས་	NOUN
ཀྱི་	གི་	PART
ཏིང་ངེ་འཛིན་	ཏིང་ངེ་འཛིན་	NOUN
གྲུབ་པ་	གྲུབ་པ་	VERB
ལ་	ལ་	ADP
ས་	གིས་	PART
ཡིན་པ་	ཡིན་པ་	AUX
ས་	གིས་	PART
།		PUNCT
ཞི་གནས་	ཞི་གནས་	NOUN
གྲུབ་པ་	གྲུབ་པ་	VERB
མ་	མ་	PART
ཡིན་	ཡིན་	NO_POS
ན་	ལ་	PART
། །		PUNCT
མངོན་ཤེས་	མངོན་ཤེས་	NOUN
འགྲུབ་པ་	འགྲུབ་པ་	VERB
ར་	ལ་	PART
མི་འགྱུར་བ་	མི་འགྱུར་བ་	NO_POS
ས་	གིས་	PART
། །		PUNCT
དེ་ཕྱིར་	དེ་ཕྱིར་	NO_POS
ཞི་གནས་	ཞི་གནས་	NOUN
སྒྲུབ་པ་	སྒྲུབ་པ་	VERB
འི་	གི་	PART
ཕྱི་	ཕྱི་	OTHER
། །		PUNCT
ཡང་	ཀྱང་	PART
དང་	དང་	NO_POS
ཡང་	ཀྱང་	PART
དུ་	ལ་	PART
འབད་པ་	འབད་པ་	VERB
ར་	ལ་	PART
བྱ་	བྱ་	VERB
། །		PUNCT
དེ་བཞིན་	དེ་བཞིན་	OTHER
།		PUNCT
བསོད་ནམས་	བསོད་ནམས་	NOUN
ཚོགས་	ཚོགས་	NOUN
ནི་	ནི་	NO_POS
ཡང་དག་	ཡང་དག་	ADJ
རྫོགས་	རྫོགས་	VERB
། །		PUNCT
དེ་ནས་	དེ་ནས་	NO_POS
བློ་ལྡན་	བློ་ལྡན་	NOUN
བསམ་པ་	བསམ་པ་	VERB
བརྟན་	བརྟན་	VERB
། །		PUNCT
དད་	དད་	VERB
སོགས་	སོགས་	DET
དགེ་བ་	དགེ་བ་	VERB
འི་	གི་	PART
ཆོ་	ཆོ་	NOUN
རྣམས་	རྣམས་	DET
ནི་	ནི་	NO_POS
། །		PUNCT
རྒྱུད་	རྒྱུད་	NOUN
ནི་	ནི་	NO_POS
ཡོངས་སུ་	ཡོངས་སུ་	NO_POS
བགོས་	བགོས་	VERB
གྱུར་པ་	གྱུར་པ་	VERB
། །		PUNCT
བསྐལ་པ་	བསྐལ་པ་	NOUN
གྲངས་མེད་	གྲངས་མེད་	NOUN
ངེས་འབྱུང་	ངེས་འབྱུང་	NOUN
བ་	བ་	ADP
། །		PUNCT
ཡེ་ཤེས་	ཡེ་ཤེས་	NOUN
ཚོགས་	ཚོགས་	NOUN
ནི་	ནི་	NO_POS
བསྒྲུབ་བྱ་	བསྒྲུབ་བྱ་	VERB
འི་	གི་	PART
ཕྱི་	ཕྱི་	OTHER
། །		PUNCT
མངོན་ཤེས་	མངོན་ཤེས་	NOUN
གདམས་ངག་	གདམས་ངག་	NOUN
བསྟན་པ་	བསྟན་པ་	VERB
ཡི་	གི་	PART
། །		PUNCT
སྤྱོད་པ་	སྤྱོད་པ་	VERB
འི་	གི་	PART
ས་	ས་	ADP
ལ་	ལ་	PART
རབ་ཏུ་	རབ་ཏུ་	NO_POS
འཇུག་	འཇུག་	VERB
།		PUNCT
ཅེས་	ཅེས་	PART
གསུངས་	གསུངས་	VERB
སོ་	གོ་	PART
། །		PUNCT
གཉིས་པ་	གཉིས་པ་	NUM
༼		PUNCT
དེ་	སྟེ་	PART
ལ་	ལ་	PART
གནས་པ་	གནས་པ་	VERB
འི་	གི་	PART
ལྷག་མཐོང་	ལྷག་མཐོང་	NOUN
།༽		PUNCT
ལ་	ལ་	PART
།		PUNCT
ཤེས་རབ་	ཤེས་རབ་	NOUN
དངོ་	དངོ་	NOUN
སུ་	ལ་	PART
།		PUNCT
དེ་	དེ་	DET
འི་	གི་	PART
བྱ་བ་	བྱ་བ་	VERB
ཁོངས་	ཁོངས་	NOUN
ན་	ནས་	PART
བསྟན་པ་	བསྟན་པ་	VERB
གཉིས་	གཉིས་	NUM
ལ་	ལ་	ADP
ས་	གིས་	PART
།		PUNCT
དང་པོ་	དང་པོ་	ADJ
༼		PUNCT
ཤེས་རབ་	ཤེས་རབ་	NOUN
དངོ་	དངོ་	NOUN
།༽		PUNCT
ནི་	ནི་	NO_POS
།		PUNCT
སྡུད་པ་	སྡུད་པ་	VERB
ར་	ལ་	PART
།		PUNCT
ཤེས་རབ་	ཤེས་རབ་	NOUN
ཀྱིས་	གིས་	PART
ནི་	ནི་	NO_POS
ཆོ་	ཆོ་	NOUN
ཀྱི་	གི་	PART
རང་བཞིན་	རང་བཞིན་	NOUN
ཡོངས་ཤེས་	ཡོངས་ཤེས་	NO_POS
ན་	ནས་	PART
། །		PUNCT
ཁམས་	ཁམས་	NOUN
གསུམ་	གསུམ་	NUM
མ་ལུས་པ་	མ་ལུས་པ་	OTHER
ལ་	ལ་	ADP
ས་	གིས་	PART
ཡང་དག་	ཡང་དག་	ADJ
འདའ་བ་	འདའ་བ་	VERB
ར་	ལ་	PART
འགྱུར་	འགྱུར་	VERB
། །		PUNCT
ཞེས་་	ཞེས་པ་	PART
ས་	གིས་	PART
སོ་	གོ་	PART
། །		PUNCT
ཤེས་རབ་	ཤེས་རབ་	NOUN
ནི་	ནི་	NO_POS
།		PUNCT
ཆོ་	ཆོ་	NOUN
རབ་ཏུ་	རབ་ཏུ་	NO_POS
རྣམ་པ་	རྣམ་པ་	NOUN
ར་	ལ་	PART
འབྱེད་པ་	འབྱེད་པ་	VERB
འི་	གི་	PART
ཆ་	ཆ་	NOUN
ན་	ནས་	PART
བཞག་	བཞག་	VERB
།		PUNCT
དབྱེ་	དབྱེ་	VERB
ན་	ལ་	PART
༑		PUNCT
ཐོས་བྱུང་	ཐོས་བྱུང་	NOUN
དང་	དང་	NO_POS
བསམ་	བསམ་	NOUN
བྱུང་	བྱུང་	VERB
སྒོམ་	སྒོམ་	VERB
བྱུང་	བྱུང་	VERB
གི་	གི་	PART
ཤེས་རབ་	ཤེས་རབ་	NOUN
གསུམ་	གསུམ་	NUM
།		PUNCT
ཐོས་པ་	ཐོས་པ་	VERB
འི་	གི་	PART
ཤེས་རབ་	ཤེས་རབ་	NOUN
ལ་	ལ་	PART
བརྟེན་	བརྟེན་	VERB
ན་	ནས་	PART
བསམ་	བསམ་	NOUN
བྱུང་	བྱུང་	VERB
གི་	གི་	PART
ཤེས་རབ་	ཤེས་རབ་	NOUN
ཀྱིས་	གིས་	PART
དཔྱད་	དཔྱད་	VERB
དེ་	སྟེ་	PART
།		PUNCT
དེ་	སྟེ་	PART
ལ་	ལ་	PART
གནས་པ་	གནས་པ་	VERB
ས་	གིས་	PART
སྒོམ་	སྒོམ་	VERB
བྱུང་	བྱུང་	VERB
གི་	གི་	PART
ཤེས་རབ་	ཤེས་རབ་	NOUN
རྙེད་པ་	རྙེད་པ་	VERB
ཡིན་	ཡིན་	NO_POS
ནོ་	གོ་	PART
། །		PUNCT
དང་པོ་	དང་པོ་	ADJ
ནི་	ནི་	NO_POS
།		PUNCT
དགེ་བ་	དགེ་བ་	VERB
འི་	གི་	PART
བཤེས་གཉེན་	བཤེས་གཉེན་	NOUN
ལ་	ལ་	PART
བརྟེན་	བརྟེན་	VERB
ན་	ནས་	PART
དམ་པ་	དམ་པ་	VERB
འི་	གི་	PART
ཆོ་	ཆོ་	NOUN
ཉན་པ་	ཉན་པ་	VERB
ལ་	ལ་	ADP
ས་	གིས་	PART
འབྱུང་	འབྱུང་	VERB
།		PUNCT
དགེ་བ་	དགེ་བ་	VERB
འི་	གི་	PART
བཤེས་གཉེན་	བཤེས་གཉེན་	NOUN
ཀྱང་	ཀྱང་	PART
།		PUNCT
དང་པོ་	དང་པོ་	ADJ
ར་	ལ་	PART
བྱང་ཆུབ་	བྱང་ཆུབ་	NOUN
སེམས་དཔ་	སེམས་དཔའ་	NOUN
འི་	གི་	PART
སྡེ་སྣོད་	སྡེ་སྣོད་	NOUN
ལ་	ལ་	PART
མཁས་པ་	མཁས་པ་	VERB
ལ་	ལ་	PART
བརྟེན་པ་	བརྟེན་པ་	VERB
འམ་	གམ་	PART
ཡང་དག་པ་	ཡང་དག་པ་	ADJ
འི་	གི་	PART
གདམས་ངག་	གདམས་ངག་	NOUN
འབོགས་	འབོགས་	VERB
ནུས་པ་	ནུས་པ་	VERB
ཙམ་	ཙམ་	DET
ལ་	ལ་	PART
བརྟེན་	བརྟེན་	VERB
ལ་	ལ་	PART
།		PUNCT
ཕྱི་	ཕྱི་	VERB
སངས་རྒྱས་	སངས་རྒྱས་	NOUN
དང་	དང་	NO_POS
མངོན་སུམ་	མངོན་སུམ་	NOUN
དུ་	ལ་	PART
མཇལ་	མཇལ་	NO_POS
ཏེ་	སྟེ་	PART
།		PUNCT
དེ་	དེ་	DET
ས་	གིས་	PART
ཡང་དག་པ་	ཡང་དག་པ་	ADJ
འི་	གི་	PART
ལམ་	གམ་	PART
གྱི་	གི་	PART
གདམས་ངག་	གདམས་ངག་	NOUN
བསྟན་པ་	བསྟན་པ་	VERB
ར་	ལ་	PART
མཛད་	མཛད་	VERB
དོ་	གོ་	PART
། །		PUNCT
ཇི་ལྟ་		
ཐོས་པ་	ཐོས་པ་	VERB
དེ་	དེ་	DET
འི་	གི་	PART
ཚིག་	ཚིག་	NOUN
དང་	དང་	NO_POS
དོན་	དོན་	NOUN
ལ་	ལ་	PART
བསམ་གཞིག་	བསམ་གཞིག་	OTHER
ལེགས་པ་	ལེགས་པ་	VERB
ར་	ལ་	PART
གཏོང་བ་	གཏོང་བ་	VERB
ནི་	ནི་	NO_POS
བསམ་པ་	བསམ་པ་	VERB
ཡིན་	ཡིན་	NO_POS
ལ་	ལ་	PART
།		PUNCT
ལུང་	ལུང་	NOUN
དང་	དང་	NO_POS
རིགས་པ་	རིགས་པ་	VERB
འི་	གི་	PART
ལམ་	གམ་	PART
དང་	དང་	NO_POS
མཐུན་པ་	མཐུན་པ་	VERB
ར་	ལ་	PART
གོ་བ་	གོ་བ་	VERB
འི་	གི་	PART
ཚེ་	ཚེ་	NOUN
སྒྲོ་འདོགས་	སྒྲོ་འདོགས་	NOUN
ཆོད་པ་	ཆོད་པ་	VERB
ཞེ་	ཅེས་	PART
བྱ་	བྱ་	VERB
འོ་	གོ་	PART
། །		PUNCT
དེ་	དེ་	DET
འི་	གི་	PART
ཚུལ་	ཚུལ་	NOUN
ཡང་	ཀྱང་	PART
དངོས་པོ་	དངོས་པོ་	NOUN
ཐམས་ཅད་	ཐམས་ཅད་	DET
རྒྱུ་རྐྱེན་	རྒྱུ་རྐྱེན་	OTHER
ལ་	ལ་	PART
རག་	རག་	VERB
ལུས་པ་	ལུས་པ་	VERB
ཉིད་	ཉིད་	DET
ཀྱིས་	གིས་	PART
མ་	མ་	PART
སྐྱེས་པ་	སྐྱེས་པ་	VERB
དང་	དང་	NO_POS
།		PUNCT
མ་	མ་	PART
སྐྱེས་པ་	སྐྱེས་པ་	VERB
ཉིད་	ཉིད་	DET
ཀྱིས་	གིས་	PART
གང་	གང་	NO_POS
ན་	ནས་	PART
ཀྱང་	ཀྱང་	PART
མ་བྱུང་བ་	མ་བྱུང་བ་	NO_POS
དང་	དང་	NO_POS
།		PUNCT
སྒྱུ་མ་	སྒྱུ་མ་	NOUN
ཉིད་	ཉིད་	DET
ཀྱི་	གི་	PART
རང་བཞིན་	རང་བཞིན་	NOUN
མེད་པ་	མེད་པ་	VERB
དང་	དང་	NO_POS
།		PUNCT
དབུ་	དབུ་	NOUN
མཐའ་མེད་པ་	མཐའ་མེད་པ་	NO_POS
ས་	གིས་	PART
ཕྱོགས་	ཕྱོགས་	NOUN
དང་	དང་	NO_POS
ཆ་	ཆ་	NOUN
གང་	གང་	NO_POS
ལ་	ལ་	ADP
འང་	ཀྱང་	PART
མི་	མི་	PART
གནས་པ་	གནས་པ་	VERB
དང་	དང་	NO_POS
།		PUNCT
རྣམ་པ་	རྣམ་པ་	NOUN
ར་	ལ་	PART
ཤེས་པ་	ཤེས་པ་	VERB
ལ་	ལ་	ADP
ས་	གིས་	PART
འདས་པ་	འདས་པ་	VERB
ས་	གིས་	PART
རྣམ་རིག་	རྣམ་རིག་	OTHER
མེད་པ་	མེད་པ་	VERB
དང་	དང་	NO_POS
།		PUNCT
གཟུང་བ་	གཟུང་བ་	VERB
དང་	དང་	NO_POS
འཛིན་པ་	འཛིན་པ་	VERB
འི་	གི་	PART
དམིགས་པ་	དམིགས་པ་	VERB
ཐམས་ཅད་	ཐམས་ཅད་	DET
དང་	དང་	NO_POS
བྲལ་བ་	བྲལ་བ་	VERB
ས་	གིས་	PART
དངོས་པོ་	དངོས་པོ་	NOUN
མ་	མ་	PART
མཆིས་པ་	མཆིས་པ་	VERB
དང་	དང་	NO_POS
།		PUNCT
དེ་	སྟེ་	PART
ནི་	ནི་	NO_POS
སྟོང་པ་ཉིད་	སྟོང་པ་ཉིད་	NOUN
ཡིན་པ་	ཡིན་པ་	AUX
ས་	གིས་	PART
དེ་ལྟ་	དེ་ལྟ་	NO_POS
གཏན་	གཏན་	NOUN
ལ་	ལ་	PART
འབེབས་པ་	འབེབས་པ་	VERB
ཡིན་	ཡིན་	NO_POS
ནོ་	གོ་	PART
། །		PUNCT
དེ་	སྟེ་	PART
ནི་	ནི་	NO_POS
ཆོ་	ཆོ་	NOUN
ལ་	ལ་	PART
བདག་མེད་པ་	བདག་མེད་པ་	ADJ
ཞེ་	ཅེས་	PART
བྱ་	བྱ་	VERB
།		PUNCT
ཆོ་	ཆོ་	NOUN
ཀྱི་	གི་	PART
བདག་	བདག་	PRON
ནི་	ནི་	NO_POS
།		PUNCT
ཆོ་	ཆོ་	NOUN
སུ་	ལ་	PART
རུང་བ་	རུང་བ་	VERB
སྟེ་	སྟེ་	PART
།		PUNCT
བརྟགས་པ་	བརྟགས་པ་	VERB
ས་	གིས་	PART
དེ་	དེ་	DET
ར་	ལ་	PART
རུང་བ་	རུང་བ་	VERB
མི་	མི་	PART
རྙེད་	རྙེད་	VERB
།		PUNCT
དེ་	དེ་	DET
ས་	གིས་	PART
དམིགས་པ་	དམིགས་པ་	VERB
ཐམས་ཅད་	ཐམས་ཅད་	DET
འཇིག་པ་	འཇིག་པ་	VERB
འི་	གི་	PART
ཕྱི་	ཕྱི་	OTHER
།		PUNCT
དེ་	སྟེ་	PART
ལ་	ལ་	PART
དངོས་པོ་	དངོས་པོ་	NOUN
ཐམས་ཅད་	ཐམས་ཅད་	DET
འཇིག་པ་	འཇིག་པ་	VERB
ར་	ལ་	PART
བྱེད་པ་	བྱེད་པ་	VERB
ཞེ་	ཅེས་	PART
ཀྱང་	ཀྱང་	PART
བྱ་	བྱ་	VERB
འོ་	གོ་	PART
། །		PUNCT
མུ་སྟེགས་	མུ་སྟེགས་	NOUN
བྱེད་	བྱེད་	VERB
རྣམས་	རྣམས་	DET
ཀྱིས་	གིས་	PART
བདག་	བདག་	PRON
རྟག་པ་	རྟག་པ་	VERB
གཅིག་པུ་	གཅིག་པུ་	ADJ
རང་དབང་	རང་དབང་	NOUN
ཅན་	ཅན་	PART
ཞེ་	ཅེས་	PART
བྱ་བ་	བྱ་བ་	VERB
ཞིག་	ཅིག་	PART
བཏགས་	བཏགས་	VERB
ན་	ནས་	PART
།		PUNCT
དེ་	སྟེ་	PART
ལ་	ལ་	PART
སེམས་ཅན་	སེམས་ཅན་	NOUN
།		PUNCT
སྲོག་	སྲོག་	NOUN
།		PUNCT
གང་ཟག་	གང་ཟག་	NOUN
།		PUNCT
གསོ་བ་	གསོ་བ་	VERB
སོགས་	སོགས་	DET
སུ་	ལ་	PART
འདོགས་པ་	འདོགས་པ་	VERB
ས་	གིས་	PART
།		PUNCT
དེ་	སྟེ་	PART
ནི་	ནི་	NO_POS
དོན་	དོན་	NOUN
དང་	དང་	NO_POS
ཐ་སྙད་	ཐ་སྙད་	NOUN
གཉིས་ཀ་	གཉིས་ཀ་	OTHER
ས་	གིས་	PART
སྟོང་པ་	སྟོང་པ་	VERB
ས་	གིས་	PART
།		PUNCT
དེ་	སྟེ་	PART
རྣམས་	རྣམས་	DET
ཀྱིས་	གིས་	PART
གསུངས་པ་	གསུངས་པ་	VERB
ལྟ་	ལྟ་	OTHER
།		PUNCT
སེམས་ཅན་	སེམས་ཅན་	NOUN
མ་	མ་	PART
མཆིས་	མཆིས་	VERB
སྲོག་	སྲོག་	NOUN
མ་	མ་	PART
མཆིས་	མཆིས་	VERB
། །		PUNCT
གང་ཟག་	གང་ཟག་	NOUN
མ་	མ་	PART
མཆིས་	མཆིས་	VERB
གསོ་མ་	གསོ་མ་	NO_POS
མཆིས་	མཆིས་	VERB
། །		PUNCT
བདག་	བདག་	PRON
མ་	མ་	PART
མཆིས་པ་	མཆིས་པ་	VERB
འི་	གི་	PART
ཆོ་	ཆོ་	NOUN
རྟོགས་	རྟོགས་	VERB
ཤོག་	ཤོག་	VERB
།		PUNCT
དེ་ལྟ་	དེ་ལྟ་	NO_POS
དོན་	དོན་	NOUN
ལ་	ལ་	PART
གནས་	གནས་	NOUN
སོ་	གོ་	PART
ཞེ་	ཅེས་	PART
བསྟན་	བསྟན་	VERB
ཞིང་	ཅིང་	PART
།		PUNCT
འདི་	འདི་	DET
ས་	གིས་	PART
གང་ཟག་	གང་ཟག་	NOUN
བདག་	བདག་	PRON
གཉིས་	གཉིས་	NUM
ལ་	ལ་	ADP
ས་	གིས་	PART
ཀུན་བརྟགས་	ཀུན་བརྟགས་	NO_POS
ཀྱི་	གི་	PART
བདག་	བདག་	PRON
བཀག་པ་	བཀག་པ་	VERB
ཡིན་	ཡིན་	NO_POS
ནོ་	གོ་	PART
། །		PUNCT
བདག་	བདག་	PRON
འཛིན་	འཛིན་	VERB
བདག་	བདག་	PRON
གིར་		NON_WORD
འཛིན་པ་	འཛིན་པ་	VERB
ནི་	ནི་	NO_POS
། །		PUNCT
དངོས་པོ་	དངོས་པོ་	NOUN
ཀུན་	ཀུན་	DET
ལ་	ལ་	PART
མི་	མི་	PART
གནས་པ་	གནས་པ་	VERB
། །		PUNCT
བདག་	བདག་	PRON
ཅེས་བྱ་བ་	ཅེས་བྱ་བ་	NO_POS
ནི་	ནི་	NO_POS
།		PUNCT
དངོས་པོ་	དངོས་པོ་	NOUN
རང་	རང་	PRON
མ་	མ་	PART
ཡིན་	ཡིན་	NO_POS
།		PUNCT
དེ་ལས་	དེ་ལས་	NO_POS
གཞན་པ་	གཞན་པ་	DET
མ་	མ་	PART
ཡིན་	ཡིན་	NO_POS
།		PUNCT
དེ་དག་	དེ་དག་	OTHER
གི་	གི་	PART
ངོ་བོ་	ངོ་བོ་	NOUN
མ་	མ་	PART
ཡིན་	ཡིན་	NO_POS
།		PUNCT
འབྲས་	འབྲས་	NOUN
དང་	དང་	NO_POS
ཕོལ་མིག་	ཕོལ་མིག་	NO_POS
ལྟ་	ལྟ་	OTHER
དེ་	སྟེ་	PART
ལ་	ལ་	PART
བརྟེན་པ་	བརྟེན་པ་	VERB
ཡང་	ཀྱང་	PART
མ་	མ་	PART
ཡིན་	ཡིན་	NO_POS
།		PUNCT
དངོས་པོ་	དངོས་པོ་	NOUN
རྣམས་	རྣམས་	DET
ལ་	ལ་	PART
གནས་པ་	གནས་པ་	VERB
མ་ཡིན་པ་	མ་ཡིན་པ་	OTHER
ས་	གིས་	PART
འདི་ལྟར་	འདི་ལྟར་	NO_POS
འཛིན་པ་	འཛིན་པ་	VERB
ནི་	ནི་	NO_POS
ཕྱིན་	ཕྱིན་	VERB
ཅི་	ཅི་	NO_POS
ལོག་	ལོག་	VERB
འབའ་ཞིག་	འབའ་ཞིག་	NO_POS
གོ་	གོ་	PART
། །		PUNCT
ཞེ་	ཅེས་	PART
སྟོན་པ་	སྟོན་པ་	NOUN
ས་	གིས་	PART
འཇིག་	འཇིག་	VERB
ལྟ་	ལྟ་	NOUN
ལྷན་སྐྱེས་	ལྷན་སྐྱེས་	ADJ
ཀྱི་	གི་	PART
བདག་	བདག་	PRON
ཐ་སྙད་	ཐ་སྙད་	NOUN
དུ་	ལ་	PART
ལས་འབྲས་	ལས་འབྲས་	NOUN
ཀྱི་	གི་	PART
རྟེན་	རྟེན་	NOUN
དུ་	ལ་	PART
གཟུང་བ་	གཟུང་བ་	VERB
དེ་	སྟེ་	PART
མེད་པ་	མེད་པ་	VERB
ར་	ལ་	PART
བསྒྲུབས་	བསྒྲུབས་	VERB
སོ་	གོ་	PART
། །		PUNCT
གཉིས་པ་	གཉིས་པ་	NUM
༼		PUNCT
ཁོངས་	ཁོངས་	NOUN
ན་	ནས་	PART
བསྟན་པ་	བསྟན་པ་	VERB
༽		PUNCT
ནི་	ནི་	NO_POS
།		PUNCT
ཤེས་རབ་	ཤེས་རབ་	NOUN
དེ་	དེ་	DET
འི་	གི་	PART
ལ་	ལ་	ADP
ས་	གིས་	PART
ནི་	ནི་	NO_POS
དེ་	སྟེ་	PART
ཁ་	ཁ་	PRON
སྒོམ་པ་	སྒོམ་པ་	VERB
ཡིན་	ཡིན་	NO_POS
ལ་	ལ་	PART
དེ་	དེ་	DET
ས་	གིས་	PART
།		PUNCT
བྱང་ཆུབ་	བྱང་ཆུབ་	NOUN
སེམས་དཔའ་	སེམས་དཔའ་	NOUN
མཉམ་བཞག་པ་	མཉམ་བཞག་པ་	NOUN
ས་	གིས་	PART
། །		PUNCT
ཡིད་	ཡིད་	NOUN
ཀྱིས་	གིས་	PART
བརྗོད་པ་	བརྗོད་པ་	VERB
མ་	མ་	PART
རྟོགས་པ་	རྟོགས་པ་	VERB
ར་	ལ་	PART
། །		PUNCT
དོན་	དོན་	NOUN
ཀུན་	ཀུན་	DET
རབ་ཏུ་	རབ་ཏུ་	NO_POS
མི་	མི་	PART
མཐོང་	མཐོང་	VERB
ངོ་	གོ་	PART
། །		PUNCT
ཞེ་	ཅེས་	PART
ཆོ་	ཆོ་	NOUN
ལ་	ལ་	PART
ངེས་པ་		
རྟོག་པ་	རྟོག་པ་	VERB
འི་	གི་	PART
བཟོད་པ་	བཟོད་པ་	VERB
ཐོབ་	ཐོབ་	VERB
།		PUNCT
དེ་ནས་	དེ་ནས་	NO_POS
།		PUNCT
ཆོ་	ཆོ་	NOUN
ཀྱི་	གི་	PART
སྣང་བ་	སྣང་བ་	VERB
འཕེལ་	འཕེལ་	VERB
བྱ་	བྱ་	VERB
འི་	གི་	PART
ཕྱི་	ཕྱི་	OTHER
། །		PUNCT
བརྩོན་འགྲུས་	བརྩོན་འགྲུས་	NOUN
བརྟན་པ་	བརྟན་པ་	VERB
ཀུན་	ཀུན་	DET
ཏུ་	ལ་	PART
རྩོམ་	རྩོམ་	VERB
། །		PUNCT
རྒྱུ་	རྒྱུ་	NOUN
དེ་	དེ་	DET
ས་	གིས་	PART
ཆོ་	ཆོ་	NOUN
ཆེན་པོ་	ཆེན་པོ་	ADJ
ལ་	ལ་	PART
བཟོད་པ་	བཟོད་པ་	VERB
ཐོབ་	ཐོབ་	VERB
སྟེ་	སྟེ་	PART
།		PUNCT
དེ་	དེ་	DET
འི་	གི་	PART
ཚེ་	ཚེ་	NOUN
།		PUNCT
ཆོ་	ཆོ་	NOUN
ཀྱི་	གི་	PART
སྣང་བ་	སྣང་བ་	VERB
འཕེལ་	འཕེལ་	VERB
ན་	ནས་	PART
ནི་	ནི་	NO_POS
། །		PUNCT
སེམས་	སེམས་	NOUN
ཙམ་	ཙམ་	DET
ལ་	ལ་	PART
ནི་	ནི་	NO_POS
རྣམ་པ་	རྣམ་པ་	NOUN
ར་	ལ་	PART
གནས་	གནས་	NOUN
། །		PUNCT
དེ་ནས་	དེ་ནས་	NO_POS
དོན་	དོན་	NOUN
ཀུན་སྣང་བ་	ཀུན་སྣང་བ་	OTHER
ནི་	ནི་	NO_POS
། །		PUNCT
སེམས་	སེམས་	NOUN
སུ་	ལ་	PART
རབ་ཏུ་	རབ་ཏུ་	NO_POS
མཐོང་བ་	མཐོང་བ་	VERB
ར་	ལ་	PART
འགྱུར་	འགྱུར་	VERB
། །		PUNCT
དེ་	སྟེ་	PART
ཚེ་	ཚེ་	NOUN
དེ་	སྟེ་	PART
ཡི་	གི་	PART
གཟུང་བ་	གཟུང་བ་	VERB
ཡི་	གི་	PART
། །		PUNCT
རྣམ་པ་	རྣམ་པ་	NOUN
ར་	ལ་	PART
གཡེང་བ་	གཡེང་བ་	VERB
དེ་	སྟེ་	PART
སྤངས་	སྤངས་	VERB
གྱུར་	གྱུར་	VERB
། །		PUNCT
དེ་ནས་	དེ་ནས་	NO_POS
དེ་	སྟེ་	PART
ལ་	ལ་	PART
འཛིན་པ་	འཛིན་པ་	VERB
ཡི་	གི་	PART
། །		PUNCT
རྣམ་པ་	རྣམ་པ་	NOUN
ར་	ལ་	PART
གཡེང་བ་	གཡེང་བ་	VERB
འབའ་ཞིག་	འབའ་ཞིག་	NO_POS
ལུས་	ལུས་	NOUN
། །		PUNCT
ཞེ་	ཅེས་	PART
སོ་	གོ་	PART
། །		PUNCT
དེ་ནས་	དེ་ནས་	NO_POS
གཟུང་བ་	གཟུང་བ་	VERB
དང་	དང་	NO_POS
འཛིན་པ་	འཛིན་པ་	VERB
འི་	གི་	PART
རྣམ་པ་	རྣམ་པ་	NOUN
གཉིས་	གཉིས་	NUM
ཞི་	ཞི་	VERB
།		PUNCT
ཤེས་པ་	ཤེས་པ་	VERB
རང་	རང་	PRON
གི་	གི་	PART
རང་བཞིན་	རང་བཞིན་	NOUN
རང་རིག་	རང་རིག་	NO_POS
རང་	རང་	PRON
གསལ་	གསལ་	VERB
ལ་	ལ་	PART
གནས་པ་	གནས་པ་	VERB
ས་	གིས་	PART
དེ་ཉིད་	དེ་ཉིད་	NOUN
།		PUNCT
དེ་	སྟེ་	PART
ཚེ་	ཚེ་	NOUN
བར་ཆད་	བར་ཆད་	NOUN
མེད་པ་	མེད་པ་	VERB
ཡི་	གི་	PART
། །		PUNCT
ཏིང་ངེ་འཛིན་	ཏིང་ངེ་འཛིན་	NOUN
ལ་	ལ་	PART
མྱུར་	མྱུར་	VERB
དུ་	ལ་	PART
རེག་	རེག་	VERB
།		PUNCT
ཅེས་	ཅེས་	PART
བྱ་	བྱ་	VERB
།		PUNCT
དེ་	སྟེ་	PART
ནི་	ནི་	NO_POS
གཞན་སྟོང་	གཞན་སྟོང་	OTHER
དབུ་མ་	དབུ་མ་	PROPN
ར་	ལ་	PART
གཞོག་པ་	གཞོག་པ་	NO_POS
དེ་	སྟེ་	PART
ཡིན་	ཡིན་	NO_POS
།		PUNCT
དེ་ནས་	དེ་ནས་	NO_POS
འོད་གསལ་བ་	འོད་གསལ་བ་	NO_POS
དེ་	སྟེ་	PART
ལ་	ལ་	PART
ཞུགས་པ་	ཞུགས་པ་	VERB
ས་	གིས་	PART
།		PUNCT
ལ་	ལ་	ADP
ས་	གིས་	PART
དང་	དང་	NO_POS
ཉོན་མོངས་པ་	ཉོན་མོངས་པ་	NOUN
ཐམས་ཅད་	ཐམས་ཅད་	DET
ཟད་	ཟད་	VERB
ན་	ནས་	PART
རང་རིག་	རང་རིག་	NO_POS
ཙམ་	ཙམ་	DET
དུའང་		NON_WORD
མི་	མི་	PART
སྣང་	སྣང་	VERB
།		PUNCT
དོན་	དོན་	NOUN
དེ་	དེ་	DET
འི་	གི་	PART
རང་རིག་	རང་རིག་	NO_POS
སྟེ་	སྟེ་	PART
རྣམ་པ་	རྣམ་པ་	NOUN
ར་	ལ་	PART
ཤེས་པ་	ཤེས་པ་	VERB
ཉིད་	ཉིད་	DET
ཡིན་	ཡིན་	NO_POS
།		PUNCT
ཕྱི་མ་	ཕྱི་མ་	ADJ
ནི་	ནི་	NO_POS
རྣམ་པ་	རྣམ་པ་	NOUN
ར་	ལ་	PART
ཤེས་པ་	ཤེས་པ་	VERB
ལ་	ལ་	ADP
ས་	གིས་	PART
འདས་པ་	འདས་པ་	VERB
ཡེ་ཤེས་	ཡེ་ཤེས་	NOUN
ཞེ་	ཅེས་	PART
བྱ་བ་	བྱ་བ་	VERB
འི་	གི་	PART
མིང་	མིང་	NOUN
སྙན་པོ་	སྙན་པོ་	ADJ
བཏགས་པ་	བཏགས་པ་	VERB
དེ་	སྟེ་	PART
ཡིན་པ་	ཡིན་པ་	AUX
ས་	གིས་	PART
།		PUNCT
མི་	མི་	PART
འམ་	གམ་	PART
ཅིའི་	ཅིའི་	NO_POS
རྒྱལ་པོ་	རྒྱལ་པོ་	NOUN
ལྗོན་པ་	ལྗོན་པ་	OTHER
ས་	གིས་	PART
ཞུས་པ་	ཞུས་པ་	VERB
ལ་	ལ་	ADP
ས་	གིས་	PART
།		PUNCT
གང་	གང་	NO_POS
འོད་གསལ་བ་	འོད་གསལ་བ་	NO_POS
དེ་	སྟེ་	PART
སེམས་	སེམས་	NOUN
ཀྱི་	གི་	PART
རང་བཞིན་	རང་བཞིན་	NOUN
ནོ་	གོ་	PART
། །		PUNCT
སེམས་	སེམས་	NOUN
ཀྱི་	གི་	PART
རང་བཞིན་	རང་བཞིན་	NOUN
གང་ཡིན་པ་	གང་ཡིན་པ་	NO_POS
དེ་	སྟེ་	PART
འཇུག་པ་	འཇུག་པ་	VERB
འོ་	གོ་	PART
། །		PUNCT
གང་	གང་	NO_POS
འཇུག་པ་	འཇུག་པ་	VERB
དེ་	སྟེ་	PART
མཚན་མ་	མཚན་མ་	NOUN
ཐམས་ཅད་	ཐམས་ཅད་	DET
གནོན་པ་	གནོན་པ་	VERB
འོ་	གོ་	PART
། །		PUNCT
གང་	གང་	NO_POS
མཚན་མ་	མཚན་མ་	NOUN
ཐམས་ཅད་	ཐམས་ཅད་	DET
གནོན་པ་	གནོན་པ་	VERB
དེ་	སྟེ་	PART
སྐྱོན་མེད་པ་	སྐྱོན་མེད་པ་	ADJ
ལ་	ལ་	PART
འཇུག་པ་	འཇུག་པ་	VERB
ཞེ་	ཅེས་	PART
བྱ་	བྱ་	VERB
འོ་	གོ་	PART
། །		PUNCT
བྱང་ཆུབ་	བྱང་ཆུབ་	NOUN
སེམས་དཔ་	སེམས་དཔའ་	NOUN
འི་	གི་	PART
སྐྱོན་མེད་པ་	སྐྱོན་མེད་པ་	ADJ
ལ་	ལ་	PART
འཇུག་པ་	འཇུག་པ་	VERB
གང་ཡིན་པ་	གང་ཡིན་པ་	NO_POS
དེ་	སྟེ་	PART
ནི་	ནི་	NO_POS
མི་	མི་	PART
སྐྱེ་བ་	སྐྱེ་བ་	VERB
འི་	གི་	PART
ཆོ་	ཆོ་	NOUN
ལ་	ལ་	PART
བཟོད་པ་	བཟོད་པ་	VERB
སྟེ་	སྟེ་	PART
།		PUNCT
དེས་ན་	དེས་ན་	NO_POS
སྐྱོན་མེད་པ་	སྐྱོན་མེད་པ་	ADJ
ལ་	ལ་	PART
ཞུགས་པ་	ཞུགས་པ་	VERB
འི་	གི་	PART
བྱང་ཆུབ་	བྱང་ཆུབ་	NOUN
སེམས་དཔའ་	སེམས་དཔའ་	NOUN
མི་	མི་	PART
སྐྱེ་བ་	སྐྱེ་བ་	VERB
འི་	གི་	PART
ཆོ་	ཆོ་	NOUN
ལ་	ལ་	PART
བཟོད་པ་	བཟོད་པ་	VERB
ཐོབ་པ་	ཐོབ་པ་	VERB
ཞེ་	ཅེས་	PART
བྱ་	བྱ་	VERB
འོ་	གོ་	PART
། །		PUNCT
གང་	གང་	NO_POS
བཟོད་པ་	བཟོད་པ་	VERB
ཐོབ་པ་	ཐོབ་པ་	VERB
དེ་	དེ་	DET
ས་	གིས་	PART
ཐམས་ཅད་	ཐམས་ཅད་	DET
བཟོད་	བཟོད་	VERB
དོ་	གོ་	PART
། །		PUNCT
དེ་	སྟེ་	PART
སྟོང་པ་	སྟོང་པ་	VERB
ར་	ལ་	PART
ཡང་	ཀྱང་	PART
བཟོད་	བཟོད་	VERB
།		PUNCT
དེ་	སྟེ་	PART
གང་ཟག་	གང་ཟག་	NOUN
ཏུའང་		NON_WORD
བཟོད་	བཟོད་	VERB
།		PUNCT
དེ་	སྟེ་	PART
ཅིའི་ཕྱིར་	ཅིའི་ཕྱིར་	NO_POS
ཞེ་ན་	ཅེ་ན་	PART
གང་ཟག་	གང་ཟག་	NOUN
ལ་	ལ་	ADP
ས་	གིས་	PART
སྟོང་པ་	སྟོང་པ་	VERB
གཞན་མ་	གཞན་མ་	PRON
ཡིན་པ་	ཡིན་པ་	AUX
སྟེ་	སྟེ་	PART
།		PUNCT
གང་ཟག་	གང་ཟག་	NOUN
ཉིད་	ཉིད་	DET
སྟོང་པ་	སྟོང་པ་	VERB
འོ་	གོ་	PART
ན་	ནས་	PART
།		PUNCT
རིགས་	རིགས་	NOUN
ཀྱི་	གི་	PART
བུ་	བུ་	NOUN
དེ་ལྟ་	དེ་ལྟ་	NO_POS
མི་	མི་	PART
སྐྱེ་བ་	སྐྱེ་བ་	VERB
འི་	གི་	PART
ཆོ་	ཆོ་	NOUN
ལ་	ལ་	PART
བཟོད་པ་	བཟོད་པ་	VERB
ཐོབ་པ་	ཐོབ་པ་	VERB
འི་	གི་	PART
བྱང་ཆུབ་	བྱང་ཆུབ་	NOUN
སེམས་དཔའ་	སེམས་དཔའ་	NOUN
ནི་	ནི་	NO_POS
འགལ་བ་	འགལ་བ་	VERB
མེད་པ་	མེད་པ་	VERB
སྟེ་	སྟེ་	PART
ཆོ་	ཆོ་	NOUN
ཐམས་ཅད་	ཐམས་ཅད་	DET
དང་	དང་	NO_POS
འགལ་བ་	འགལ་བ་	VERB
མེད་པ་	མེད་པ་	VERB
ཡིན་	ཡིན་	NO_POS
ནོ་	གོ་	PART
། །		PUNCT
ཞེ་	ཅེས་	PART
གསུངས་	གསུངས་	VERB
།		PUNCT
དེ་	སྟེ་	PART
ནི་	ནི་	NO_POS
ལངྐར་		NON_WORD
གཤེགས་པ་	གཤེགས་པ་	VERB
ལ་	ལ་	ADP
ས་	གིས་	PART
།		PUNCT
སེམས་	སེམས་	NOUN
ཙམ་	ཙམ་	DET
ལ་	ལ་	PART
ནི་	ནི་	NO_POS
བརྟེན་	བརྟེན་	VERB
ན་	ནས་	PART
སུ་	ལ་	PART
། །		PUNCT
ཕྱི་རོལ་	ཕྱི་རོལ་	NOUN
དོན་	དོན་	NOUN
ལ་	ལ་	PART
མི་	མི་	PART
རྟོག་	རྟོག་	VERB
གོ་	གོ་	PART
། །		PUNCT
དེ་བཞིན་ཉིད་	དེ་བཞིན་ཉིད་	NOUN
ལ་	ལ་	PART
གནས་	གནས་	NOUN
ན་	ནས་	PART
སུ་	ལ་	PART
། །		PUNCT
སེམས་	སེམས་	NOUN
ཙམ་	ཙམ་	DET
ལ་	ལ་	ADP
ས་	གིས་	PART
ཀྱང་	ཀྱང་	PART
འདའ་བ་	འདའ་བ་	VERB
ར་	ལ་	PART
བྱ་	བྱ་	VERB
། །		PUNCT
སེམས་	སེམས་	NOUN
ཙམ་	ཙམ་	DET
ལ་	ལ་	ADP
ས་	གིས་	PART
ནི་	ནི་	NO_POS
འདའ་	འདའ་	VERB
ན་	ནས་	PART
སུ་	ལ་	PART
། །		PUNCT
སྣང་བ་	སྣང་བ་	VERB
མེད་	མེད་	VERB
ལ་	ལ་	PART
གནས་པ་	གནས་པ་	VERB
ར་	ལ་	PART
བྱ་	བྱ་	VERB
། །		PUNCT
སྣང་མེད་	སྣང་མེད་	NO_POS
གནས་པ་	གནས་པ་	VERB
འི་	གི་	PART
རྣལ་འབྱོར་པ་	རྣལ་འབྱོར་པ་	NOUN
། །		PUNCT
དེ་	དེ་	DET
ས་	གིས་	PART
ནི་	ནི་	NO_POS
ཐེག་པ་	ཐེག་པ་	NOUN
ཆེན་པོ་	ཆེན་པོ་	ADJ
མཐོང་	མཐོང་	VERB
། །		PUNCT
ཞེ་	ཅེས་	PART
གསུངས་པ་	གསུངས་པ་	VERB
དེ་བཞིན་	དེ་བཞིན་	OTHER
།		PUNCT
སེམས་ལས་	སེམས་ལས་	NOUN
གཞན་	གཞན་	DET
མེད་པ་	མེད་པ་	VERB
ར་	ལ་	PART
ནི་	ནི་	NO_POS
བློ་	བློ་	NOUN
ས་	གིས་	PART
རིག་	རིག་	VERB
ན་	ནས་	PART
། །		PUNCT
དེ་ནས་	དེ་ནས་	NO_POS
སེམས་	སེམས་	NOUN
ཀྱང་	ཀྱང་	PART
མེད་པ་	མེད་པ་	VERB
ཉིད་	ཉིད་	DET
དུ་	ལ་	PART
རྟོགས་	རྟོགས་	VERB
། །		PUNCT
བློ་	བློ་	NOUN
དང་	དང་	NO_POS
ལྡན་པ་	ལྡན་པ་	VERB
ས་	གིས་	PART
གཉིས་པོ་	གཉིས་པོ་	NUM
མེད་	མེད་	VERB
རིག་	རིག་	VERB
ན་	ནས་	PART
། །		PUNCT
དེ་	སྟེ་	PART
མི་	མི་	PART
ལྡན་པ་	ལྡན་པ་	VERB
ས་	གིས་	PART
ཆོ་	ཆོ་	NOUN
ཀྱི་	གི་	PART
དབྱིངས་	དབྱིངས་	NOUN
ལ་	ལ་	PART
གནས་	གནས་	NOUN
། །		PUNCT
ཞེ་	ཅེས་	PART
བྱ་བ་	བྱ་བ་	VERB
ས་	གིས་	PART
ཀྱང་	ཀྱང་	PART
ཡིན་	ཡིན་	NO_POS
ནོ་	གོ་	PART
། །		PUNCT
གཉིས་པ་	གཉིས་པ་	NUM
ཀུན་རྫོབ་	ཀུན་རྫོབ་	NOUN
འཛིན་པ་	འཛིན་པ་	VERB
འི་	གི་	PART
སྙིང་རྗེ་	སྙིང་རྗེ་	NOUN
ལ་	ལ་	PART
།		PUNCT
སྤྱི་	སྤྱི་	DET
བཤད་	བཤད་	VERB
དང་	དང་	NO_POS
།		PUNCT
གཞུང་དོན་	གཞུང་དོན་	NOUN
གཉིས་	གཉིས་	NUM
ལ་	ལ་	ADP
ས་	གིས་	PART
།		PUNCT
དང་པོ་	དང་པོ་	ADJ
༼		PUNCT
སྤྱི་	སྤྱི་	DET
བཤད་	བཤད་	VERB
།༽		PUNCT
ནི་	ནི་	NO_POS
།		PUNCT
ཡུམ་	ཡུམ་	NOUN
ལ་	ལ་	ADP
ས་	གིས་	PART
།		PUNCT
རྣམ་པ་	རྣམ་པ་	NOUN
ཐམས་ཅད་	ཐམས་ཅད་	DET
མཁྱེན་པ་	མཁྱེན་པ་	VERB
ཉིད་	ཉིད་	DET
དང་	དང་	NO_POS
ལྡན་པ་	ལྡན་པ་	VERB
འི་	གི་	PART
སེམས་	སེམས་	NOUN
ཀྱི་	གི་	PART
ཕ་རོལ་	ཕ་རོལ་	NOUN
ཏུ་	ལ་	PART
ཕྱིན་པ་	ཕྱིན་པ་	VERB
དྲུག་	དྲུག་	NUM
ལ་	ལ་	PART
སྤྱད་	སྤྱད་	VERB
དེ་	སྟེ་	PART
མྱུར་	མྱུར་	VERB
དུ་	ལ་	PART
མངོན་པ་	མངོན་པ་	OTHER
རྫོགས་པ་	རྫོགས་པ་	VERB
ར་	ལ་	PART
སངས་	སངས་	VERB
རྒྱ་	རྒྱ་	NOUN
འོ་	གོ་	PART
། །		PUNCT
ཞེ་	ཅེས་	PART
གསུངས་	གསུངས་	VERB
ལ་	ལ་	PART
།		PUNCT
ཐབས་	ཐབས་	NOUN
ནི་	ནི་	NO_POS
སེམས་ཅན་	སེམས་ཅན་	NOUN
མི་	མི་	PART
གཏོང་བ་	གཏོང་བ་	VERB
འི་	གི་	PART
བྱང་ཆུབ་	བྱང་ཆུབ་	NOUN
ཀྱི་	གི་	PART
སེམས་	སེམས་	NOUN
སོ་	གོ་	PART
། །		PUNCT
དེ་	སྟེ་	PART
ནི་	ནི་	NO_POS
ཕ་རོལ་	ཕ་རོལ་	NOUN
ཏུ་	ལ་	PART
ཕྱིན་པ་	ཕྱིན་པ་	VERB
དྲུག་	དྲུག་	NUM
ཏུ་	ལ་	PART
འདུ་བ་	འདུ་བ་	VERB
སྟེ་	སྟེ་	PART
།		PUNCT
སྦྱིན་	སྦྱིན་	VERB
ཚུལ་	ཚུལ་	NOUN
བཟོད་	བཟོད་	VERB
གསུམ་	གསུམ་	NUM
གྱིས་	གིས་	PART
གཞན་དོན་	གཞན་དོན་	NOUN
།		PUNCT
བརྩོན་	བརྩོན་	VERB
བསམ་ཤེས་	བསམ་ཤེས་	NO_POS
གསུམ་	གསུམ་	NUM
གྱིས་	གིས་	PART
རང་དོན་	རང་དོན་	NOUN
བསྒྲུབ་པ་	བསྒྲུབ་པ་	VERB
སྟེ་	སྟེ་	PART
།		PUNCT
སེམས་ཅན་	སེམས་ཅན་	NOUN
དོན་	དོན་	NOUN
ལ་	ལ་	PART
རབ་	རབ་	ADV
བརྩོན་པ་	བརྩོན་པ་	VERB
། །		PUNCT
གཏོང་བ་	གཏོང་བ་	VERB
མི་	མི་	PART
གནོད་	གནོད་	VERB
བཟོད་པ་	བཟོད་པ་	VERB
སྟེ་	སྟེ་	PART
། །		PUNCT
གནས་	གནས་	NOUN
དང་	དང་	NO_POS
གྲོལ་བ་	གྲོལ་བ་	VERB
གཞིར་བཅས་པ་	གཞིར་བཅས་པ་	NO_POS
། །		PUNCT
རང་དོན་	རང་དོན་	NOUN
རྣམ་པ་	རྣམ་པ་	NOUN
ཐམས་ཅད་	ཐམས་ཅད་	DET
སྤྱོད་	སྤྱོད་	VERB
། །		PUNCT
དང་	དང་	NO_POS
།		PUNCT
དང་པོ་	དང་པོ་	ADJ
གསུམ་	གསུམ་	NUM
གྱིས་	གིས་	PART
ལྷག་པ་	ལྷག་པ་	VERB
ཚུལ་ཁྲིམས་	ཚུལ་ཁྲིམས་	NOUN
།		PUNCT
ལྔ་པ་	ལྔ་པ་	NUM
ས་	གིས་	PART
ལྷག་པ་	ལྷག་པ་	VERB
སེམས་	སེམས་	NOUN
།		PUNCT
ཕྱི་མ་	ཕྱི་མ་	ADJ
ས་	གིས་	PART
ལྷག་པ་	ལྷག་པ་	VERB
ཤེས་རབ་	ཤེས་རབ་	NOUN
ཀྱི་	གི་	PART
བསླབ་པ་	བསླབ་པ་	VERB
།		PUNCT
བརྩོན་འགྲུས་	བརྩོན་འགྲུས་	NOUN
ཀུན་	ཀུན་	DET
གྱི་	གི་	PART
གྲོག་	གྲོག་	NOUN
ཏེ་	སྟེ་	PART
།		PUNCT
བསླབ་	བསླབ་	VERB
གསུམ་	གསུམ་	NUM
དབང་	དབང་	NOUN
དུ་	ལ་	PART
མཛད་	མཛད་	VERB
ན་	ནས་	PART
ནི་	ནི་	NO_POS
། །		PUNCT
རྒྱལ་བ་	རྒྱལ་བ་	NOUN
ས་	གིས་	PART
ཕ་རོལ་	ཕ་རོལ་	NOUN
ཕྱིན་པ་	ཕྱིན་པ་	VERB
དྲུག་	དྲུག་	NUM
།		PUNCT
རབ་ཏུ་	རབ་ཏུ་	NO_POS
བཤད་	བཤད་	VERB
དེ་	སྟེ་	PART
དང་པོ་	དང་པོ་	ADJ
གསུམ་	གསུམ་	NUM
། །		PUNCT
ཐ་མ་	ཐ་མ་	ADJ
གཉིས་	གཉིས་	NUM
ཀྱིས་	གིས་	PART
རྣམ་པ་	རྣམ་པ་	NOUN
གཉིས་	གཉིས་	NUM
། །		PUNCT
གཅིག་	གཅིག་	NUM
ནི་	ནི་	NO_POS
གསུམ་	གསུམ་	NUM
ཆ་	ཆ་	NOUN
ར་	ལ་	PART
ལ་	ལ་	PART
ཡང་	ཀྱང་	PART
གཏོགས་	གཏོགས་	VERB
། །		PUNCT
དང་པོ་	དང་པོ་	ADJ
བཞི་	བཞི་	NUM
ནི་	ནི་	NO_POS
མངོན་མཐོ་	མངོན་མཐོ་	NOUN
།		PUNCT
ཐ་མ་	ཐ་མ་	ADJ
གཉིས་	གཉིས་	NUM
ཀྱིས་	གིས་	PART
ངེས་ལེགས་	ངེས་ལེགས་	NOUN
འགྲུབ་པ་	འགྲུབ་པ་	VERB
ས་	གིས་	PART
ཀྱང་	ཀྱང་	PART
སྟེ་	སྟེ་	PART
།		PUNCT
ལོངས་སྤྱོད་	ལོངས་སྤྱོད་	NOUN
དང་	དང་	NO_POS
ལུས་	ལུས་	NOUN
ཕུན་སུམ་	ཕུན་སུམ་	OTHER
ཚོགས་པ་	ཚོགས་པ་	VERB
དང་	དང་	NO_POS
། །		PUNCT
འཁོར་	འཁོར་	NOUN
བཙུན་	བཙུན་	VERB
ཕུན་སུམ་	ཕུན་སུམ་	OTHER
ཚོགས་པ་	ཚོགས་པ་	VERB
མངོན་མཐོ་	མངོན་མཐོ་	NOUN
ལ་	ལ་	PART
། །		PUNCT
རྟག་	རྟག་	VERB
ཏུ་	ལ་	PART
ཉོན་མོངས་	ཉོན་མོངས་	NOUN
དབང་	དབང་	NOUN
དུ་	ལ་	PART
མི་	མི་	PART
འགྲོ་	འགྲོ་	VERB
དང་	དང་	NO_POS
། །		PUNCT
བྱ་བ་	བྱ་བ་	VERB
རྣམས་	རྣམས་	DET
ལ་	ལ་	PART
ཕྱིན་	ཕྱིན་	VERB
ཅི་	ཅི་	NO_POS
མ་	མ་	PART
ལོག་པ་	ལོག་པ་	VERB
འོ་	གོ་	PART
། །		PUNCT
ཞེ་	ཅེས་	PART
དང་	དང་	NO_POS
།		PUNCT
སྦྱིན་པ་	སྦྱིན་པ་	VERB
ལ་	ལ་	ADP
ས་	གིས་	PART
ཚུལ་ཁྲིམས་	ཚུལ་ཁྲིམས་	NOUN
འབྱུང་བ་	འབྱུང་བ་	VERB
སོགས་	སོགས་	DET
སྐྱེ་བ་	སྐྱེ་བ་	VERB
འི་	གི་	PART
གོ་རིམ་	གོ་རིམ་	NOUN
དང་	དང་	NO_POS
།		PUNCT
དམན་	དམན་	VERB
མཆོག་	མཆོག་	ADJ
དང་	དང་	NO_POS
།		PUNCT
སྦྱིན་པ་	སྦྱིན་པ་	VERB
བསྒྲུབ་	བསྒྲུབ་	VERB
སླ་	སླ་	VERB
ཞིང་	ཅིང་	PART
མཚན་ཉིད་	མཚན་ཉིད་	NOUN
ཤེ་	ཤེ་	VERB
སླ་བ་	སླ་བ་	VERB
ས་	གིས་	PART
།		PUNCT
དང་པོ་	དང་པོ་	ADJ
ར་	ལ་	PART
བསྟན་པ་	བསྟན་པ་	VERB
སོགས་	སོགས་	DET
རགས་	རགས་	VERB
ཕྲ་	ཕྲ་	NOUN
འི་	གི་	PART
ཕྱི་	ཕྱི་	OTHER
གོ་རིམ་	གོ་རིམ་	NOUN
དེ་ལྟ་	དེ་ལྟ་	NO_POS
བཞག་པ་	བཞག་པ་	VERB
སྟེ་	སྟེ་	PART
།		PUNCT
སྔ་མ་	སྔ་མ་	ADJ
ལ་	ལ་	PART
བརྟེན་	བརྟེན་	VERB
ཕྱི་མ་	ཕྱི་མ་	ADJ
སྐྱེ་	སྐྱེ་	NOUN
། །		PUNCT
དམན་	དམན་	VERB
དང་	དང་	NO_POS
མཆོག་	མཆོག་	ADJ
ཏུ་	ལ་	PART
གནས་	གནས་	NOUN
ཕྱི་	ཕྱི་	OTHER
དང་	དང་	NO_POS
། །		PUNCT
རགས་པ་	རགས་པ་	VERB
དང་	དང་	NO_POS
ནི་	ནི་	NO_POS
ཕྲ་བ་	ཕྲ་བ་	VERB
འི་	གི་	PART
ཕྱི་	ཕྱི་	OTHER
། །		PUNCT
དེ་དག་	དེ་དག་	OTHER
རིམ་པ་	རིམ་པ་	NOUN
བསྟན་པ་	བསྟན་པ་	VERB
ཡིན་	ཡིན་	NO_POS
། །		PUNCT
ཞེ་	ཅེས་	PART
སོ་	གོ་	PART
། །		PUNCT
ཐབས་	ཐབས་	NOUN
དེ་	དེ་	DET
འི་	གི་	PART
བྱ་བ་	བྱ་བ་	VERB
ནི་	ནི་	NO_POS
།		PUNCT
ལུས་	ལུས་	NOUN
དང་	དང་	NO_POS
ངག་	ངག་	NOUN
དང་	དང་	NO_POS
ཡིད་	ཡིད་	NOUN
ཀྱི་	གི་	PART
སྤྱོད་པ་	སྤྱོད་པ་	VERB
ཐམས་ཅད་	ཐམས་ཅད་	DET
སེམས་ཅན་	སེམས་ཅན་	NOUN
གྱི་	གི་	PART
ཆེད་	ཆེད་	NOUN
དུ་མ་	དུ་མ་	ADJ
ཡིན་པ་	ཡིན་པ་	AUX
ཅི་ཡང་	ཅི་ཡང་	OTHER
མེད་	མེད་	VERB
དེ་	སྟེ་	PART
དངོ་	དངོ་	NOUN
སམ་	གམ་	PART
བརྒྱུད་པ་	བརྒྱུད་པ་	VERB
འོ་	གོ་	PART
། །		PUNCT
དེ་	སྟེ་	PART
ལ་	ལ་	PART
སེམས་ཅན་	སེམས་ཅན་	NOUN
ལ་	ལ་	PART
དམིགས་པ་	དམིགས་པ་	VERB
དང་	དང་	NO_POS
།		PUNCT
དམིགས་པ་	དམིགས་པ་	VERB
མེད་པ་	མེད་པ་	VERB
འི་	གི་	PART
རིམ་པ་	རིམ་པ་	NOUN
གཉིས་	གཉིས་	NUM
ལ་	ལ་	ADP
ས་	གིས་	PART
།		PUNCT
དང་པོ་	དང་པོ་	ADJ
ནི་	ནི་	NO_POS
།		PUNCT
བྱང་ཆུབ་	བྱང་ཆུབ་	NOUN
སེམས་དཔའ་	སེམས་དཔའ་	NOUN
ལ་	ལ་	ADP
ས་	གིས་	PART
དང་པོ་པ་	དང་པོ་པ་	ADJ
འི་	གི་	PART
གང་ཟག་	གང་ཟག་	NOUN
གིས་	གིས་	PART
བདག་	བདག་	PRON
ཡོད་པ་	ཡོད་པ་	VERB
ས་	གིས་	PART
སེམས་ཅན་	སེམས་ཅན་	NOUN
ཞེ་	ཅེས་	PART
བཏགས་	བཏགས་	VERB
ཤིང་	ཅིང་	PART
།		PUNCT
དེ་	དེ་	DET
ས་	གིས་	PART
སྡུག་བསྔལ་བ་	སྡུག་བསྔལ་བ་	NOUN
ལ་	ལ་	PART
སྙིང་རྗེ་	སྙིང་རྗེ་	NOUN
བསྐྱེད་	བསྐྱེད་	VERB
དོ་	གོ་	PART
། །		PUNCT
སྙིང་རྗེ་	སྙིང་རྗེ་	NOUN
དེ་	དེ་	DET
ས་	གིས་	PART
སྦྱིན་པ་	སྦྱིན་པ་	VERB
ལ་སོགས་པ་	ལ་སོགས་པ་	NO_POS
ལ་	ལ་	PART
སློབ་བོ་	སློབ་བོ་	VERB
། །		PUNCT
དེ་	སྟེ་	PART
ལ་	ལ་	PART
གོམས་པ་	གོམས་པ་	VERB
ས་	གིས་	PART
སེམས་ཅན་	སེམས་ཅན་	NOUN
ཞེ་	ཅེས་	PART
བྱ་བ་	བྱ་བ་	VERB
ནི་	ནི་	NO_POS
དང་པོ་	དང་པོ་	ADJ
ཉིད་	ཉིད་	DET
ན་	ནས་	PART
མེད་	མེད་	VERB
ཀྱི་	གི་	PART
།		PUNCT
གློ་བུ་	གློ་བུ་	OTHER
དུ་	ལ་	PART
བཏགས་པ་	བཏགས་པ་	VERB
ཟད་	ཟད་	VERB
དོ་	གོ་	PART
། །		PUNCT
གཞན་	གཞན་	DET
དུ་	ལ་	PART
ན་	ལ་	PART
ཕུང་པོ་	ཕུང་པོ་	NOUN
དང་	དང་	NO_POS
ཁམས་	ཁམས་	NOUN
དང་	དང་	NO_POS
སྐྱེ་མཆེད་	སྐྱེ་མཆེད་	NOUN
ཙམ་	ཙམ་	DET
ཞིག་	ཅིག་	PART
ལ་	ལ་	ADP
ས་	གིས་	PART
འདི་	འདི་	DET
ན་	ལ་	PART
ཅི་ཡང་	ཅི་ཡང་	OTHER
མེད་	མེད་	VERB
དོ་	གོ་	PART
སྙམ་	སྙམ་	VERB
དུ་	ལ་	PART
རྟོག་པ་	རྟོག་པ་	VERB
དང་	དང་	NO_POS
།		PUNCT
ཡང་	ཀྱང་	PART
འདི་དག་	འདི་དག་	NO_POS
ནི་	ནི་	NO_POS
རང་	རང་	PRON
གི་	གི་	PART
སེམས་	སེམས་	NOUN
འབའ་ཞིག་	འབའ་ཞིག་	NO_POS
ཏུ་	ལ་	PART
ཟད་	ཟད་	VERB
ཀྱི་	གི་	PART
གཞན་	གཞན་	DET
འདི་	འདི་	DET
ན་	ལ་	PART
ཅི་ཡང་	ཅི་ཡང་	OTHER
མེད་	མེད་	VERB
དོ་	གོ་	PART
སྙམ་	སྙམ་	VERB
རྟོགས་	རྟོགས་	VERB
ན་	ནས་	PART
།		PUNCT
དེ་	དེ་	DET
ས་	གིས་	PART
སྡུག་བསྔལ་བ་	སྡུག་བསྔལ་བ་	NOUN
རྣམས་	རྣམས་	DET
ལ་	ལ་	PART
སྙིང་རྗེ་	སྙིང་རྗེ་	NOUN
སྐྱེ་	སྐྱེ་	NOUN
འོ་	གོ་	PART
། །		PUNCT
དེ་	སྟེ་	PART
སྐྱེས་པ་	སྐྱེས་པ་	VERB
ས་	གིས་	PART
སྦྱིན་པ་	སྦྱིན་པ་	VERB
ལ་སོགས་པ་	ལ་སོགས་པ་	NO_POS
ལ་	ལ་	PART
འཇུག་པ་	འཇུག་པ་	VERB
ཡིན་	ཡིན་	NO_POS
ནོ་	གོ་	PART
། །		PUNCT
དམིགས་པ་	དམིགས་པ་	VERB
མེད་པ་	མེད་པ་	VERB
འི་	གི་	PART
རིམ་པ་	རིམ་པ་	NOUN
ནི་	ནི་	NO_POS
།		PUNCT
དོན་དམ་པ་	དོན་དམ་པ་	NOUN
དང་	དང་	NO_POS
ཀུན་རྫོབ་	ཀུན་རྫོབ་	NOUN
ཀྱི་	གི་	PART
བདེན་པ་	བདེན་པ་	VERB
རྣམས་	རྣམས་	DET
དེ་	སྟེ་	PART
ཁོ་ན་ཉིད་	ཁོ་ན་ཉིད་	NO_POS
རོ་	རོ་	NOUN
གཅིག་	གཅིག་	NUM
ཏུ་	ལ་	PART
རྟོགས་	རྟོགས་	VERB
ཀྱང་	ཀྱང་	PART
ཐབས་	ཐབས་	NOUN
རྣམ་པ་	རྣམ་པ་	NOUN
སྣ་ཚོགས་	སྣ་ཚོགས་	DET
ཀྱིས་	གིས་	PART
ཐེག་པ་	ཐེག་པ་	NOUN
གསུམ་	གསུམ་	NUM
གང་རིགས་	གང་རིགས་	NO_POS
རིགས་	རིགས་	NOUN
སུ་	ལ་	PART
སེམས་ཅན་	སེམས་ཅན་	NOUN
རྣམས་	རྣམས་	DET
ཡོངས་སུ་	ཡོངས་སུ་	NO_POS
སྨིན་པ་	སྨིན་པ་	VERB
ར་	ལ་	PART
བྱེད་	བྱེད་	VERB
དོ་	གོ་	PART
། །		PUNCT
དེ་བཞིན་	དེ་བཞིན་	OTHER
བློ་གྲོས་	བློ་གྲོས་	NOUN
མི་ཟད་པ་	མི་ཟད་པ་	NO_POS
འི་	གི་	PART
མདོ་	མདོ་	NOUN
འགྲེལ་	འགྲེལ་	NOUN
ལ་	ལ་	ADP
ས་	གིས་	PART
།		PUNCT
སྔ་	སྔ་	NOUN
བསྟན་པ་	བསྟན་པ་	VERB
ལྟ་	ལྟ་	OTHER
སྤྱོད་ལམ་	སྤྱོད་ལམ་	NOUN
ཐམས་ཅད་	ཐམས་ཅད་	DET
དུ་	ལ་	PART
མཉམ་པ་	མཉམ་པ་	VERB
ར་	ལ་	PART
བཞག་པ་	བཞག་པ་	VERB
ཡིན་ཡང་	ཡིན་ཡང་	NO_POS
།		PUNCT
སེམས་ཅན་	སེམས་ཅན་	NOUN
ཡོངས་སུ་	ཡོངས་སུ་	NO_POS
སྨིན་པ་	སྨིན་པ་	VERB
ར་	ལ་	PART
བྱ་བ་	བྱ་བ་	VERB
འི་	གི་	PART
ཆེད་	ཆེད་	NOUN
དུ་	ལ་	PART
རྒྱལ་རིགས་	རྒྱལ་རིགས་	NOUN
ལ་སོགས་པ་	ལ་སོགས་པ་	NO_POS
འཇིག་རྟེན་	འཇིག་རྟེན་	NOUN
ཐམས་ཅད་	ཐམས་ཅད་	DET
ཀྱི་	གི་	PART
རྗེས་སུ་	རྗེས་སུ་	OTHER
བསྙེགས་	བསྙེགས་	NO_POS
ཏེ་	སྟེ་	PART
།		PUNCT
དེ་དག་	དེ་དག་	OTHER
དང་	དང་	NO_POS
མཐུན་པ་	མཐུན་པ་	VERB
ར་	ལ་	PART
སྤྱོད་པ་	སྤྱོད་པ་	VERB
འི་	གི་	PART
ཐབས་མཁས་པ་	ཐབས་མཁས་པ་	NO_POS
དང་	དང་	NO_POS
ཡང་	ཀྱང་	PART
ལྡན་	ལྡན་	VERB
ལ་	ལ་	PART
།		PUNCT
ཤེས་རབ་	ཤེས་རབ་	NOUN
ཀྱིས་	གིས་	PART
ཟིན་པ་	ཟིན་པ་	VERB
ས་	གིས་	PART
དེ་དག་	དེ་དག་	OTHER
གི་	གི་	PART
ནང་	ནང་	NOUN
ན་	ལ་	PART
གནས་	གནས་	NOUN
ཀྱང་	ཀྱང་	PART
འཇིག་རྟེན་	འཇིག་རྟེན་	NOUN
དང་	དང་	NO_POS
མ་	མ་	PART
འདྲེས་པ་	འདྲེས་པ་	VERB
ཡིན་	ཡིན་	NO_POS
ནོ་	གོ་	PART
། །		PUNCT
ཇི་ལྟ་		
མ་	མ་	PART
འདྲེ་	འདྲེ་	VERB
ཞེ་ན་	ཅེ་ན་	PART
།		PUNCT
འཇིག་རྟེན་	འཇིག་རྟེན་	NOUN
གྱི་	གི་	PART
ཆོ་	ཆོ་	NOUN
བརྒྱད་	བརྒྱད་	NUM
ལ་	ལ་	ADP
ས་	གིས་	PART
འདས་པ་	འདས་པ་	VERB
ཉོན་མོངས་པ་	ཉོན་མོངས་པ་	NOUN
ཐམས་ཅད་	ཐམས་ཅད་	DET
དང་	དང་	NO_POS
མ་	མ་	PART
འདྲེས་པ་	འདྲེས་པ་	VERB
ཞེ་	ཅེས་	PART
གསུངས་པ་	གསུངས་པ་	VERB
དེ་	སྟེ་	PART
ཡིན་	ཡིན་	NO_POS
ནོ་	གོ་	PART
། །		PUNCT
གཉིས་པ་	གཉིས་པ་	NUM
གཞུང་	གཞུང་	NOUN
གི་	གི་	PART
དོན་	དོན་	NOUN
ནི་	ནི་	NO_POS
།		PUNCT
སྦྱིན་པ་	སྦྱིན་པ་	VERB
འི་	གི་	PART
ཆེད་	ཆེད་	NOUN
དུ་	ལ་	PART
བྱ་བ་	བྱ་བ་	VERB
།		PUNCT
སེམས་ཅན་	སེམས་ཅན་	NOUN
ཀུན་	ཀུན་	DET
ལ་སྨན་	ལ་སྨན་	NO_POS
སླད་	སླད་	NOUN
དུ་	ལ་	PART
། །		PUNCT
མི་	མི་	PART
མཐུན་	མཐུན་	VERB
ཕྱོགས་	ཕྱོགས་	NOUN
སྤང་བ་	སྤང་བ་	VERB
ནི་	ནི་	NO_POS
།		PUNCT
མཐུན་	མཐུན་	VERB
ཕྱོགས་	ཕྱོགས་	NOUN
ལ་	ལ་	PART
སློབ་པ་	སློབ་པ་	VERB
ནི་	ནི་	NO_POS
།		PUNCT
སྦྱིན་	སྦྱིན་	VERB
བྱ་	བྱ་	VERB
ཟད་པ་		
མི་འགྱུར་བ་	མི་འགྱུར་བ་	NO_POS
འི་	གི་	PART
ཕྱི་	ཕྱི་	OTHER
རམ་	གམ་	PART
འབྲས་བུ་	འབྲས་བུ་	NOUN
།		PUNCT
དངོས་པོ་	དངོས་པོ་	NOUN
དངོས་པོ་	དངོས་པོ་	NOUN
མ་	མ་	PART
མཆིས་པ་	མཆིས་པ་	VERB
ས་	གིས་	PART
། །		PUNCT
བདག་	བདག་	PRON
གི་	གི་	PART
ལོངས་སྤྱོད་	ལོངས་སྤྱོད་	NOUN
ལྷུན་གྲུབ་	ལྷུན་གྲུབ་	OTHER
ཤོག་	ཤོག་	VERB
།		PUNCT
ནམ་མཁ་	ནམ་མཁའ་	NOUN
འི་	གི་	PART
མཛོད་	མཛོད་	NOUN
ཅེས་བྱ་བ་	ཅེས་བྱ་བ་	NO_POS
ཐོབ་པ་	ཐོབ་པ་	VERB
།		PUNCT
མཛོད་	མཛོད་	NOUN
དེ་	དེ་	DET
ར་	ལ་	PART
ཡང་གཏེར་	ཡང་གཏེར་	NO_POS
མང་པོ་	མང་པོ་	ADJ
སྤུངས་	སྤུངས་	VERB
ན་	ནས་	PART
གནས་པ་	གནས་པ་	VERB
ལྟ་བུ་	ལྟ་བུ་	NOUN
མ་	མ་	PART
ཡིན་	ཡིན་	NO_POS
ཏེ་	སྟེ་	PART
།		PUNCT
ཅི་	ཅི་	NO_POS
འདོད་པ་	འདོད་པ་	VERB
ཐམས་ཅད་	ཐམས་ཅད་	DET
དེ་འཕྲལ་	དེ་འཕྲལ་	NO_POS
དུ་	ལ་	PART
ཕུན་སུམ་	ཕུན་སུམ་	OTHER
ཚོགས་པ་	ཚོགས་པ་	VERB
ར་	ལ་	PART
འབྱུང་བ་	འབྱུང་བ་	VERB
ཞིག་	ཅིག་	PART
གོ་	གོ་	PART
། །		PUNCT
དེ་	སྟེ་	PART
ནི་ལ་	ནི་ལ་	NO_POS
ས་	གིས་	PART
དང་པོ་པ་	དང་པོ་པ་	ADJ
འི་	གི་	PART
དབང་	དབང་	NOUN
དུ་	ལ་	PART
བྱ་	བྱ་	VERB
ལ་	ལ་	PART
།		PUNCT
དངོས་པོ་	དངོས་པོ་	NOUN
ཐམས་ཅད་	ཐམས་ཅད་	DET
རྣམ་	རྣམ་	NOUN
འཇིག་པ་	འཇིག་པ་	VERB
འི་	གི་	PART
། །		PUNCT
སྦྱིན་པ་	སྦྱིན་པ་	VERB
འི་	གི་	PART
ཕ་རོལ་	ཕ་རོལ་	NOUN
ཕྱིན་	ཕྱིན་	VERB
རྫོགས་	རྫོགས་	VERB
ཤོག་	ཤོག་	VERB
།		PUNCT
སྦྱིན་	སྦྱིན་	VERB
བྱ་	བྱ་	VERB
།		PUNCT
སྦྱིན་པ་པོ་	སྦྱིན་པ་པོ་	VERB
།		PUNCT
སྦྱིན་པ་	སྦྱིན་པ་	VERB
འི་	གི་	PART
ཡུལ་	ཡུལ་	NOUN
།		PUNCT
སྦྱིན་པ་	སྦྱིན་པ་	VERB
ཐམས་ཅད་	ཐམས་ཅད་	DET
ཀྱི་	གི་	PART
དམིགས་པ་	དམིགས་པ་	VERB
ཉེ་བ་		
ཞི་བ་	ཞི་བ་	VERB
ལ་	ལ་	PART
གནས་	གནས་	NOUN
ན་	ནས་	PART
།		PUNCT
སྒྱུ་མ་	སྒྱུ་མ་	NOUN
འི་	གི་	PART
སྐྱེས་བུ་	སྐྱེས་བུ་	NOUN
ལྟ་བུ་	ལྟ་བུ་	NOUN
ར་	ལ་	PART
སྦྱིན་པ་	སྦྱིན་པ་	VERB
།		PUNCT
དེ་	སྟེ་	PART
ནི་	ནི་	NO_POS
འཇིག་རྟེན་	འཇིག་རྟེན་	NOUN
ལ་	ལ་	ADP
ས་	གིས་	PART
འདས་པ་	འདས་པ་	VERB
ཡིན་པ་	ཡིན་པ་	AUX
ས་	གིས་	PART
།		PUNCT
དེ་ལྟ་	དེ་ལྟ་	NO_POS
ནུས་པ་	ནུས་པ་	VERB
ཕྱིན་	ཕྱིན་	VERB
ན་	ནས་	PART
སྦྱིན་པ་	སྦྱིན་པ་	VERB
ས་	གིས་	PART
ཕ་རོལ་	ཕ་རོལ་	NOUN
ཏུ་	ལ་	PART
ཕྱིན་པ་	ཕྱིན་པ་	VERB
འི་	གི་	PART
མིང་ཐོབ་པ་	མིང་ཐོབ་པ་	NO_POS
འོ་	གོ་	PART
། །		PUNCT
དེ་	སྟེ་	PART
ནི་	ནི་	NO_POS
དཱ་		NON_WORD
ན་	ལ་	PART
དབུལ་བ་	དབུལ་བ་	VERB
འདོར་བ་	འདོར་བ་	VERB
ས་	གིས་	PART
སྦྱིན་པ་	སྦྱིན་པ་	VERB
འོ་	གོ་	PART
། །		PUNCT
དེ་	དེ་	DET
འི་	གི་	PART
མཚན་ཉིད་	མཚན་ཉིད་	NOUN
ཡོངས་སུ་	ཡོངས་སུ་	NO_POS
གཏོང་བ་	གཏོང་བ་	VERB
ས་	གིས་	PART
།		PUNCT
རྒྱས་པ་	རྒྱས་པ་	VERB
ར་	ལ་	PART
ན་	ལ་	PART
དེ་ཉིད་	དེ་ཉིད་	NOUN
ཀྱང་	ཀྱང་	PART
ཕ་རོལ་	ཕ་རོལ་	NOUN
ཏུ་	ལ་	PART
ཕྱིན་པ་	ཕྱིན་པ་	VERB
དྲུག་	དྲུག་	NUM
ཏུ་	ལ་	PART
ཕྱེ་	ཕྱེ་	VERB
སྟེ་	སྟེ་	PART
གསུངས་པ་	གསུངས་པ་	VERB
འོ་	གོ་	PART
། །		PUNCT
ཁྲིམས་	ཁྲིམས་	NOUN
ཀྱི་	གི་	PART
ཞེ་	ཅེས་	PART
པ་སངས་	པ་སངས་	NO_POS
རྒྱ་	རྒྱ་	VERB
རྣམས་	རྣམས་	DET
ཀྱིས་	གིས་	PART
བཅས་པ་	བཅས་པ་	VERB
སྟེ་	སྟེ་	PART
།		PUNCT
ཉེས་སྤྱོད་	ཉེས་སྤྱོད་	NOUN
སྡོམ་པ་	སྡོམ་པ་	NOUN
སོ་སོ་	སོ་སོ་	PRON
ཐར་པ་	ཐར་པ་	VERB
དང་	དང་	NO_POS
།		PUNCT
དགེ་བ་	དགེ་བ་	VERB
ཆོ་	ཆོ་	NOUN
སྡུད་	སྡུད་	VERB
དང་	དང་	NO_POS
།		PUNCT
སེམས་ཅན་	སེམས་ཅན་	NOUN
དོན་	དོན་	NOUN
བྱེད་	བྱེད་	VERB
གསུམ་	གསུམ་	NUM
ཚང་བ་	ཚང་བ་	VERB
བྱང་ཆུབ་	བྱང་ཆུབ་	NOUN
སེམས་	སེམས་	NOUN
ཀྱི་	གི་	PART
སྡོམ་པ་	སྡོམ་པ་	NOUN
འོ་	གོ་	PART
། །		PUNCT
དེ་	སྟེ་	PART
ནི་	ནི་	NO_POS
ཤཱི་		NON_WORD
ལ་	ལ་	PART
སྟེ་	སྟེ་	PART
།		PUNCT
ཉོན་མོངས་པ་	ཉོན་མོངས་པ་	NOUN
འི་	གི་	PART
གདུང་བ་	གདུང་བ་	VERB
ལ་	ལ་	ADP
ས་	གིས་	PART
བསིལ་བ་	བསིལ་བ་	VERB
ཐོབ་པ་	ཐོབ་པ་	VERB
འི་	གི་	PART
ཕྱི་	ཕྱི་	OTHER
དེ་	སྟེ་	PART
ལ་	ལ་	PART
ཚུལ་ཁྲིམས་	ཚུལ་ཁྲིམས་	NOUN
ཞེ་	ཅེས་	PART
བྱ་	བྱ་	VERB
འོ་	གོ་	PART
། །		PUNCT
མི་	མི་	PART
མཐུན་	མཐུན་	VERB
ཕྱོགས་	ཕྱོགས་	NOUN
སྤོང་བ་	སྤོང་བ་	VERB
།		PUNCT
སྐྱོན་མེད་	སྐྱོན་མེད་	ADJ
ཅིང་	ཅིང་	PART
། །		PUNCT
ཚུལ་ཁྲིམས་	ཚུལ་ཁྲིམས་	NOUN
འཆལ་བ་	འཆལ་བ་	VERB
འི་	གི་	PART
སྐྱོན་མེད་པ་	སྐྱོན་མེད་པ་	ADJ
འོ་	གོ་	PART
། །		PUNCT
མཐུན་	མཐུན་	VERB
ཕྱོགས་	ཕྱོགས་	NOUN
།		PUNCT
ཚུལ་ཁྲིམས་	ཚུལ་ཁྲིམས་	NOUN
རྣམ་པ་	རྣམ་པ་	NOUN
ར་	ལ་	PART
དག་	དག་	DET
དང་	དང་	NO_POS
ལྡན་	ལྡན་	VERB
། །		PUNCT
ཚུལ་ཁྲིམས་	ཚུལ་ཁྲིམས་	NOUN
དེ་	སྟེ་	PART
།		PUNCT
ཡན་ལག་	ཡན་ལག་	NOUN
དྲུག་	དྲུག་	NUM
དང་	དང་	NO_POS
ལྡན་པ་	ལྡན་པ་	VERB
ར་	ལ་	PART
སྟེ་	སྟེ་	PART
།		PUNCT
སོ་སོ་	སོ་སོ་	PRON
ཐར་པ་	ཐར་པ་	VERB
འི་	གི་	PART
ཚུལ་ཁྲིམས་	ཚུལ་ཁྲིམས་	NOUN
དང་	དང་	NO_POS
ལྡན་པ་	ལྡན་པ་	VERB
ར་	ལ་	PART
གནས་པ་	གནས་པ་	VERB
དང་	དང་	NO_POS
།		PUNCT
བཅས་པ་	བཅས་པ་	VERB
འི་	གི་	PART
སྡོམ་པ་	སྡོམ་པ་	NOUN
ས་	གིས་	PART
བསྡམས་པ་	བསྡམས་པ་	NO_POS
དང་	དང་	NO_POS
།		PUNCT
ཆོ་ག་	ཆོ་ག་	NOUN
ཕུན་སུམ་	ཕུན་སུམ་	OTHER
ཚོགས་པ་	ཚོགས་པ་	VERB
དང་	དང་	NO_POS
།		PUNCT
སྤྱོད་ཡུལ་	སྤྱོད་ཡུལ་	NOUN
ཕུན་སུམ་	ཕུན་སུམ་	OTHER
ཚོགས་པ་	ཚོགས་པ་	VERB
དང་	དང་	NO_POS
།		PUNCT
ཁ་ན་མ་ཐོ་བ་	ཁ་ན་མ་ཐོ་བ་	NO_POS
ཕྲ་རབ་	ཕྲ་རབ་	NO_POS
ཙམ་	ཙམ་	DET
ལ་	ལ་	ADP
འང་	ཀྱང་	PART
འཇིགས་པ་	འཇིགས་པ་	VERB
ར་	ལ་	PART
ལྟ་བ་	ལྟ་བ་	VERB
དང་	དང་	NO_POS
།		PUNCT
བསླབ་པ་	བསླབ་པ་	VERB
འི་	གི་	PART
གཞི་	གཞི་	NOUN
རྣམས་	རྣམས་	DET
ཡང་དག་པ་	ཡང་དག་པ་	ADJ
ར་	ལ་	PART
བླངས་	བླངས་	VERB
ཤིང་	ཅིང་	PART
སློབ་པ་	སློབ་པ་	VERB
འོ་	གོ་	PART
། །		PUNCT
དེ་ལྟ་	དེ་ལྟ་	NO_POS
ཡན་ལག་	ཡན་ལག་	NOUN
དྲུག་	དྲུག་	NUM
དང་	དང་	NO_POS
ལྡན་པ་	ལྡན་པ་	VERB
འི་	གི་	PART
ཚུལ་ཁྲིམས་	ཚུལ་ཁྲིམས་	NOUN
ནི་	ནི་	NO_POS
ཚུལ་ཁྲིམས་	ཚུལ་ཁྲིམས་	NOUN
ཀྱི་	གི་	PART
ཚོགས་	ཚོགས་	NOUN
སམ་	གམ་	PART
ཚུལ་ཁྲིམས་	ཚུལ་ཁྲིམས་	NOUN
ཀྱི་	གི་	PART
ཕུང་པོ་	ཕུང་པོ་	NOUN
ཞེ་	ཅེས་	PART
བྱ་	བྱ་	VERB
།		PUNCT
རློམ་སེམས་	རློམ་སེམས་	NOUN
མེད་པ་	མེད་པ་	VERB
འི་	གི་	PART
ཚུལ་ཁྲིམས་	ཚུལ་ཁྲིམས་	NOUN
ཀྱི་	གི་	PART
། །		PUNCT
ཚུལ་ཁྲིམས་	ཚུལ་ཁྲིམས་	NOUN
ཕ་རོལ་	ཕ་རོལ་	NOUN
ཕྱིན་	ཕྱིན་	VERB
རྫོགས་	རྫོགས་	VERB
ཤོག་	ཤོག་	VERB
།		PUNCT
དང་པོ་	དང་པོ་	ADJ
ར་	ལ་	PART
ཚུལ་ཁྲིམས་	ཚུལ་ཁྲིམས་	NOUN
ཡང་དག་པ་	ཡང་དག་པ་	ADJ
ར་	ལ་	PART
བླངས་པ་	བླངས་པ་	VERB
ན་	ནས་	PART
བརྩམས་	བརྩམས་	VERB
ཏེ་	སྟེ་	PART
ཐ་མ་	ཐ་མ་	ADJ
རྣམ་པ་	རྣམ་པ་	NOUN
ར་	ལ་	PART
གྲོལ་བ་	གྲོལ་བ་	VERB
འི་	གི་	PART
ཡེ་ཤེས་	ཡེ་ཤེས་	NOUN
ལ་	ལ་	PART
ཐུག་	ཐུག་	VERB
གི་	གི་	PART
བ་	བ་	NOUN
དུ་	ལ་	PART
རྡུལ་	རྡུལ་	NOUN
ཙམ་	ཙམ་	DET
ཡང་	ཀྱང་	PART
ཉམས་པ་	ཉམས་པ་	VERB
དང་	དང་	NO_POS
གོད་པ་	གོད་པ་	VERB
མེད་པ་	མེད་པ་	VERB
།		PUNCT
དེ་ལྟ་	དེ་ལྟ་	NO_POS
ཉམས་པ་	ཉམས་པ་	VERB
དང་	དང་	NO_POS
གོད་པ་	གོད་པ་	VERB
མེད་པ་	མེད་པ་	VERB
ས་	གིས་	PART
ཚུལ་ཁྲིམས་	ཚུལ་ཁྲིམས་	NOUN
མཐ་	མཐའ་	NOUN
ར་	ལ་	PART
ཕྱིན་	ཕྱིན་	VERB
ཏེ་	སྟེ་	PART
ཟག་མེད་པ་	ཟག་མེད་པ་	ADJ
འི་	གི་	PART
ཚུལ་ཁྲིམས་	ཚུལ་ཁྲིམས་	NOUN
ཀྱི་	གི་	PART
མཚན་ཉིད་	མཚན་ཉིད་	NOUN
དུ་	ལ་	PART
གྱུར་པ་	གྱུར་པ་	VERB
འི་	གི་	PART
ཚེ་	ཚེ་	NOUN
ཚུལ་ཁྲིམས་	ཚུལ་ཁྲིམས་	NOUN
ཀྱི་	གི་	PART
ཕུང་པོ་	ཕུང་པོ་	NOUN
ཡོངས་སུ་	ཡོངས་སུ་	NO_POS
རྫོགས་པ་	རྫོགས་པ་	VERB
སྟེ་	སྟེ་	PART
།		PUNCT
དེས་ན་	དེས་ན་	NO_POS
རློམ་སེམས་	རློམ་སེམས་	NOUN
མེད་པ་	མེད་པ་	VERB
དང་	དང་	NO_POS
འཁོར་གསུམ་	འཁོར་གསུམ་	NO_POS
དུ་	ལ་	PART
མི་	མི་	PART
རྟོག་པ་	རྟོག་པ་	VERB
གནད་	གནད་	NOUN
གཅིག་པ་	གཅིག་པ་	ADJ
ས་	གིས་	PART
ཚུལ་ཁྲིམས་	ཚུལ་ཁྲིམས་	NOUN
དེ་	དེ་	DET
ས་	གིས་	PART
ཕ་རོལ་	ཕ་རོལ་	NOUN
ཏུ་	ལ་	PART
ཕྱིན་པ་	ཕྱིན་པ་	VERB
འི་	གི་	PART
མིང་ཐོབ་བོ་	མིང་ཐོབ་བོ་	NO_POS
། །		PUNCT
ས་	ས་	ADP
འམ་	གམ་	PART
ཡང་ན་	ཡང་ན་	NO_POS
ཆུ་	ཆུ་	NOUN
འམ་	གམ་	PART
མེ་	མེ་	NOUN
། །		PUNCT
རླུང་	རླུང་	NOUN
གི་	གི་	PART
ཁམས་	ཁམས་	NOUN
ལྟ་	ལྟ་	OTHER
མི་	མི་	PART
གནས་	གནས་	NOUN
ཤིང་	ཅིང་	PART
། །		PUNCT
བཟོད་པ་	བཟོད་པ་	VERB
།		PUNCT
འབྱུང་བ་	འབྱུང་བ་	VERB
ཆེན་པོ་	ཆེན་པོ་	ADJ
བཞི་	བཞི་	NUM
ལ་	ལ་	PART
ཁྲོ་བ་	ཁྲོ་བ་	VERB
མི་	མི་	PART
གནས་	གནས་	NOUN
ཏེ་	སྟེ་	PART
སེམས་	སེམས་	NOUN
མེད་པ་	མེད་པ་	VERB
འི་	གི་	PART
ཕྱི་	ཕྱི་	OTHER
རོ་	རོ་	NOUN
། །		PUNCT
དེ་	སྟེ་	PART
དང་	དང་	NO_POS
འཁོར་གསུམ་	འཁོར་གསུམ་	NO_POS
དུ་	ལ་	PART
མི་	མི་	PART
རྟོག་པ་	རྟོག་པ་	VERB
འང་	ཀྱང་	PART
མཚུངས་པ་	མཚུངས་པ་	VERB
ས་	གིས་	PART
།		PUNCT
ཀྵཱནྟི་		NON_WORD
ཁྲོ་བ་	ཁྲོ་བ་	VERB
ཞི་བ་	ཞི་བ་	VERB
དེ་	དེ་	DET
འི་	གི་	PART
ཆ་	ཆ་	NOUN
ན་	ནས་	PART
དེ་	སྟེ་	PART
ལ་	ལ་	PART
བཟོད་པ་	བཟོད་པ་	VERB
ཞེ་	ཅེས་	PART
བྱ་	བྱ་	VERB
འོ་	གོ་	PART
། །		PUNCT
མི་	མི་	PART
མཐུན་	མཐུན་	VERB
ཕྱོགས་	ཕྱོགས་	NOUN
སྤོང་བ་	སྤོང་བ་	VERB
།		PUNCT
ཁྲོ་བ་	ཁྲོ་བ་	VERB
མ་	མ་	PART
མཆིས་པ་	མཆིས་པ་	VERB
ས་	གིས་	PART
། །		PUNCT
མཐུན་	མཐུན་	VERB
ཕྱོགས་	ཕྱོགས་	NOUN
ལ་	ལ་	PART
སློབ་པ་	སློབ་པ་	VERB
ནི་	ནི་	NO_POS
།		PUNCT
བཟོད་པ་	བཟོད་པ་	VERB
འི་	གི་	PART
ཕ་རོལ་	ཕ་རོལ་	NOUN
ཕྱིན་	ཕྱིན་	VERB
རྫོགས་	རྫོགས་	VERB
ཤོག་	ཤོག་	VERB
།		PUNCT
ཅེས་པ་	ཅེས་པ་	PART
།		PUNCT
དཀོན་མཆོག་	དཀོན་མཆོག་	NOUN
བརྩེགས་པ་	བརྩེགས་པ་	VERB
བྱང་ཆུབ་	བྱང་ཆུབ་	NOUN
སེམས་དཔ་	སེམས་དཔའ་	NOUN
འི་	གི་	PART
སྡེ་སྣོད་	སྡེ་སྣོད་	NOUN
ཀྱི་	གི་	PART
མདོ་	མདོ་	NOUN
ལ་	ལ་	ADP
ས་	གིས་	PART
།		PUNCT
ཁོང་ཁྲོ་བ་	ཁོང་ཁྲོ་བ་	NO_POS
ཁོང་ཁྲོ་བ་	ཁོང་ཁྲོ་བ་	NO_POS
ཞེ་	ཅེས་	PART
བྱ་བ་	བྱ་བ་	VERB
ནི་	ནི་	NO_POS
།		PUNCT
བསྐལ་པ་	བསྐལ་པ་	NOUN
བརྒྱ་	བརྒྱ་	NUM
སྟོང་	སྟོང་	NUM
དུ་	ལ་	PART
བསྒྲུབས་པ་	བསྒྲུབས་པ་	VERB
འི་	གི་	PART
དགེ་བ་	དགེ་བ་	VERB
འི་	གི་	PART
རྩ་བ་	རྩ་བ་	NOUN
འཇོམས་པ་	འཇོམས་པ་	VERB
སྟེ་	སྟེ་	PART
ཞེ་	ཅེས་	PART
དང་	དང་	NO_POS
།		PUNCT
འཇམ་དཔལ་	འཇམ་དཔལ་	PROPN
རྣམ་པ་	རྣམ་པ་	NOUN
ར་	ལ་	PART
རོལ་པ་	རོལ་པ་	VERB
འི་	གི་	PART
མདོ་	མདོ་	NOUN
ན་	ནས་	PART
།		PUNCT
ཁོང་ཁྲོ་བ་	ཁོང་ཁྲོ་བ་	NO_POS
།		PUNCT
ཁྲོ་བ་	ཁྲོ་བ་	VERB
ཞེ་	ཅེས་	PART
བྱ་བ་	བྱ་བ་	VERB
ནི་	ནི་	NO_POS
བསྐལ་པ་	བསྐལ་པ་	NOUN
བརྒྱ་	བརྒྱ་	NUM
ར་	ལ་	PART
བསགས་པ་	བསགས་པ་	VERB
འི་	གི་	PART
དགེ་བ་	དགེ་བ་	VERB
འི་	གི་	PART
རྩ་བ་	རྩ་བ་	NOUN
འཇོམས་པ་	འཇོམས་པ་	VERB
སྟེ་	སྟེ་	PART
།		PUNCT
ཞེ་	ཅེས་	PART
གསུངས་པ་	གསུངས་པ་	VERB
རྩ་བ་	རྩ་བ་	NOUN
འི་	གི་	PART
ཉོན་མོངས་པ་	ཉོན་མོངས་པ་	NOUN
དང་	དང་	NO_POS
།		PUNCT
ཉེ་བ་	ཉེ་བ་	VERB
འི་	གི་	PART
ཉོན་མོངས་	ཉོན་མོངས་	NOUN
ཀྱི་	གི་	PART
དང་	དང་	NO_POS
།		PUNCT
ཡུལ་	ཡུལ་	NOUN
གྱི་	གི་	PART
ཁྱད་	ཁྱད་	NOUN
དུའང་		NON_WORD
ཤེས་པ་	ཤེས་པ་	VERB
ར་	ལ་	PART
བྱ་	བྱ་	VERB
འོ་	གོ་	PART
། །		PUNCT
བརྩོན་འགྲུས་	བརྩོན་འགྲུས་	NOUN
བརྩམས་པ་	བརྩམས་པ་	VERB
འི་	གི་	PART
བརྩོན་འགྲུས་	བརྩོན་འགྲུས་	NOUN
ཀྱིས་	གིས་	PART
། །		PUNCT
བརྟན་	བརྟན་	VERB
སྤྲོ་	སྤྲོ་	NO_POS
།		PUNCT
བཱིརྻ་		NON_WORD
མཆོག་	མཆོག་	ADJ
ལ་	ལ་	PART
སྦྱོར་བ་	སྦྱོར་བ་	VERB
ས་	གིས་	PART
བརྩོན་འགྲུས་	བརྩོན་འགྲུས་	NOUN
དང་	དང་	NO_POS
།		PUNCT
བརྩམས་པ་	བརྩམས་པ་	VERB
ནི་	ནི་	NO_POS
དེ་	དེ་	DET
འི་	གི་	PART
འབད་པ་	འབད་པ་	VERB
དང་	དང་	NO_POS
།		PUNCT
བརྟན་	བརྟན་	VERB
ཞེས་་	ཞེས་པ་	PART
ས་	གིས་	PART
རྟག་	རྟག་	VERB
སྦྱོར་	སྦྱོར་	VERB
།		PUNCT
སྤྲོ་	སྤྲོ་	NO_POS
ཞེས་་	ཞེས་པ་	PART
གུས་སྦྱོར་	གུས་སྦྱོར་	NO_POS
།		PUNCT
མི་	མི་	PART
མཐུན་	མཐུན་	VERB
ཕྱོགས་	ཕྱོགས་	NOUN
སྤོང་བ་	སྤོང་བ་	VERB
།		PUNCT
ལེ་ལོ་	ལེ་ལོ་	NOUN
མ་	མ་	PART
མཆིས་	མཆིས་	VERB
ཤིང་	ཅིང་	PART
། །		PUNCT
མཐུན་	མཐུན་	VERB
ཕྱོགས་	ཕྱོགས་	NOUN
ལ་	ལ་	PART
སློབ་པ་	སློབ་པ་	VERB
།		PUNCT
སྟོབས་	སྟོབས་	NOUN
དང་	དང་	NO_POS
ལྡན་པ་	ལྡན་པ་	VERB
འི་	གི་	PART
ལུས་སེམས་	ལུས་སེམས་	NOUN
ཀྱིས་	གིས་	PART
། །		PUNCT
བརྩོན་འགྲུས་	བརྩོན་འགྲུས་	NOUN
ཕ་རོལ་	ཕ་རོལ་	NOUN
ཕྱིན་	ཕྱིན་	VERB
རྫོགས་	རྫོགས་	VERB
ཤོག་	ཤོག་	VERB
།		PUNCT
གོ་ཆ་	གོ་ཆ་	NOUN
ཆེན་པོ་	ཆེན་པོ་	ADJ
བགོས་པ་	བགོས་པ་	NO_POS
ས་	གིས་	PART
དང་	དང་	NO_POS
།		PUNCT
ངོམ་པ་	ངོམ་པ་	VERB
མེད་པ་	མེད་པ་	VERB
འི་	གི་	PART
ཕྱི་	ཕྱི་	OTHER
མི་	མི་	PART
མཐུན་	མཐུན་	VERB
ཕྱོགས་	ཕྱོགས་	NOUN
ཀྱིས་	གིས་	PART
བརྫི་བ་	བརྫི་བ་	VERB
མི་	མི་	PART
ནུས་པ་	ནུས་པ་	VERB
ས་	གིས་	PART
སྟོབས་ལྡན་	སྟོབས་ལྡན་	ADJ
།		PUNCT
ཅི་ཙམ་	ཅི་ཙམ་	NO_POS
འབད་	འབད་	VERB
ཀྱང་	ཀྱང་	PART
ངལ་བ་	ངལ་བ་	VERB
དང་	དང་	NO_POS
སྐྱོ་བ་	སྐྱོ་བ་	VERB
སྒྱིད་ལུག་པ་	སྒྱིད་ལུག་པ་	NO_POS
མེད་པ་	མེད་པ་	VERB
འི་	གི་	PART
ཐ་ཚིག་	ཐ་ཚིག་	NOUN
གོ་	གོ་	PART
། །		PUNCT
ཕ་རོལ་	ཕ་རོལ་	NOUN
ཕྱིན་	ཕྱིན་	VERB
ཚུལ་	ཚུལ་	NOUN
ནི་	ནི་	NO_POS
འདྲ་	འདྲ་	VERB
འོ་	གོ་	PART
། །		PUNCT
དྷྱ་		NON_WORD
ན་	ལ་	PART
བསམ་པ་	བསམ་པ་	VERB
གཏན་པོ་	གཏན་པོ་	NOUN
ས་	གིས་	PART
བསམ་གཏན་	བསམ་གཏན་	NOUN
།		PUNCT
དེ་ཡང་	དེ་ཡང་	ADV
།		PUNCT
དེ་	སྟེ་	PART
ནི་	ནི་	NO_POS
ལང་ཀ་	ལང་ཀ་	PROPN
ར་	ལ་	PART
གཤེགས་པ་	གཤེགས་པ་	VERB
ལ་	ལ་	ADP
ས་	གིས་	PART
།		PUNCT
སྙིང་རྗེ་	སྙིང་རྗེ་	NOUN
ཆེན་པོ་	ཆེན་པོ་	ADJ
དང་	དང་	NO_POS
ཐབས་	ཐབས་	NOUN
ལ་	ལ་	PART
མཁས་པ་	མཁས་པ་	VERB
ལྷུན་	ལྷུན་	NOUN
གྱིས་	གིས་	PART
གྲུབ་པ་	གྲུབ་པ་	VERB
འི་	གི་	PART
སྦྱོར་བ་	སྦྱོར་བ་	VERB
དང་	དང་	NO_POS
།		PUNCT
སེམས་ཅན་	སེམས་ཅན་	NOUN
གྱི་	གི་	PART
ཁམས་	ཁམས་	NOUN
ཐམས་ཅད་	ཐམས་ཅད་	DET
སྒྱུ་མ་	སྒྱུ་མ་	NOUN
དང་	དང་	NO_POS
གཟུགས་བརྙན་	གཟུགས་བརྙན་	NOUN
དང་	དང་	NO_POS
།		PUNCT
མཉམ་པ་ཉིད་	མཉམ་པ་ཉིད་	NOUN
དང་	དང་	NO_POS
།		PUNCT
རྐྱེན་	རྐྱེན་	NOUN
གྱིས་	གིས་	PART
མ་	མ་	PART
བརྩམས་པ་	བརྩམས་པ་	VERB
དང་	དང་	NO_POS
།		PUNCT
ཕྱི་	ཕྱི་	NOUN
ནང་	ནང་	NOUN
གི་	གི་	PART
ཡུལ་	ཡུལ་	NOUN
རྣམ་པ་	རྣམ་པ་	NOUN
ར་	ལ་	PART
དབེན་པ་	དབེན་པ་	VERB
དང་	དང་	NO_POS
།		PUNCT
སེམས་	སེམས་	NOUN
ཕྱི་རོལ་	ཕྱི་རོལ་	NOUN
དུ་	ལ་	PART
བལྟ་བ་	བལྟ་བ་	VERB
བ་	བ་	ADP
མཚན་མ་	མཚན་མ་	NOUN
མེད་པ་	མེད་པ་	VERB
འི་	གི་	PART
བྱིན་	བྱིན་	VERB
གྱིས་	གིས་	PART
བརླབས་པ་	བརླབས་པ་	VERB
དང་	དང་	NO_POS
ལྡན་པ་	ལྡན་པ་	VERB
རྣམས་	རྣམས་	DET
།		PUNCT
རིམ་གྱིས་པ་	རིམ་གྱིས་པ་	NO_POS
འི་	གི་	PART
རིམ་པ་	རིམ་པ་	NOUN
འི་	གི་	PART
ཏིང་ངེ་འཛིན་	ཏིང་ངེ་འཛིན་	NOUN
ཡུལ་	ཡུལ་	NOUN
ལ་	ལ་	PART
རྗེས་སུ་	རྗེས་སུ་	OTHER
འཇུག་པ་	འཇུག་པ་	VERB
དང་	དང་	NO_POS
།		PUNCT
ཁམས་	ཁམས་	NOUN
གསུམ་	གསུམ་	NUM
དག་	དག་	DET
གི་	གི་	PART
སེམས་	སེམས་	NOUN
སྒྱུ་མ་	སྒྱུ་མ་	NOUN
ར་	ལ་	PART
ཤིན་ཏུ་	ཤིན་ཏུ་	NO_POS
མོས་པ་	མོས་པ་	VERB
ས་	གིས་	PART
རབ་ཏུ་	རབ་ཏུ་	NO_POS
སྒོམ་པ་	སྒོམ་པ་	VERB
སྒྱུ་མ་	སྒྱུ་མ་	NOUN
ལྟ་བུ་	ལྟ་བུ་	NOUN
འི་	གི་	PART
ཏིང་ངེ་འཛིན་	ཏིང་ངེ་འཛིན་	NOUN
རབ་ཏུ་	རབ་ཏུ་	NO_POS
ཐོབ་པ་	ཐོབ་པ་	VERB
ར་	ལ་	PART
འགྱུར་	འགྱུར་	VERB
རོ་	རོ་	NOUN
། །		PUNCT
ཞེ་	ཅེས་	PART
གཟུགས་	གཟུགས་	NOUN
ན་	ནས་	PART
རྣམ་པ་	རྣམ་པ་	NOUN
ཐམས་ཅད་	ཐམས་ཅད་	DET
མཁྱེན་པ་	མཁྱེན་པ་	VERB
འི་	གི་	PART
བ་	བ་	NOUN
དུ་	ལ་	PART
བཞག་པ་	བཞག་པ་	VERB
འི་	གི་	PART
ཆོ་	ཆོ་	NOUN
ཐམས་ཅད་	ཐམས་ཅད་	DET
རྨི་ལམ་	རྨི་ལམ་	NOUN
ལྟ་བུ་	ལྟ་བུ་	NOUN
སྒྱུ་མ་	སྒྱུ་མ་	NOUN
ལྟ་བུ་	ལྟ་བུ་	NOUN
ར་	ལ་	PART
མངོན་སུམ་	མངོན་སུམ་	NOUN
གྱི་	གི་	PART
ལྟ་བ་	ལྟ་བ་	VERB
ས་	གིས་	PART
ཏིང་ངེ་འཛིན་	ཏིང་ངེ་འཛིན་	NOUN
དེ་	སྟེ་	PART
སྒྱུ་མ་	སྒྱུ་མ་	NOUN
ལྟ་བུ་	ལྟ་བུ་	NOUN
འོ་	གོ་	PART
། །		PUNCT
དཔའ་བ་	དཔའ་བ་	VERB
ར་	ལ་	PART
འགྲོ་བ་	འགྲོ་བ་	VERB
འི་	གི་	PART
ཏིང་ངེ་འཛིན་	ཏིང་ངེ་འཛིན་	NOUN
གྱི་	གི་	PART
མདོ་	མདོ་	NOUN
ལ་	ལ་	ADP
ས་	གིས་	PART
།		PUNCT
གང་	གང་	NO_POS
གི་	གི་	PART
དཔའ་བ་	དཔའ་བ་	VERB
ར་	ལ་	PART
འགྲོ་བ་	འགྲོ་བ་	VERB
འི་	གི་	PART
ཏིང་ངེ་འཛིན་	ཏིང་ངེ་འཛིན་	NOUN
འདི་	འདི་	DET
ཐོབ་པ་	ཐོབ་པ་	VERB
འི་	གི་	PART
སྐྱེས་བུ་	སྐྱེས་བུ་	NOUN
དམ་པ་	དམ་པ་	VERB
འདི་དག་	འདི་དག་	NO_POS
ནི་	ནི་	NO_POS
།		PUNCT
སངས་རྒྱས་	སངས་རྒྱས་	NOUN
ཐམས་ཅད་	ཐམས་ཅད་	DET
ཀྱི་	གི་	PART
ཡུལ་	ཡུལ་	NOUN
དུ་	ལ་	PART
མཆིས་པ་	མཆིས་པ་	VERB
ལགས་སོ་	ལགས་སོ་	NO_POS
། །		PUNCT
རང་དབང་	རང་དབང་	NOUN
གི་	གི་	PART
ཡེ་ཤེས་	ཡེ་ཤེས་	NOUN
ལ་	ལ་	PART
དབང་	དབང་	NOUN
བགྱིད་པ་	བགྱིད་པ་	VERB
ལགས་སོ་	ལགས་སོ་	NO_POS
ཞེ་	ཅེས་	PART
དང་	དང་	NO_POS
།		PUNCT
རིགས་	རིགས་	NOUN
ཀྱི་	གི་	PART
བུ་	བུ་	NOUN
དག་	དག་	DET
དེ་ལྟ་བས་ན་	དེ་ལྟ་བས་ན་	NO_POS
ངེས་པ་		
འབྱུང་བ་	འབྱུང་བ་	VERB
འི་	གི་	PART
ལམ་	གམ་	PART
ཐམས་ཅད་	ཐམས་ཅད་	DET
དུ་	ལ་	PART
ངེས་པ་		
འབྱུང་བ་	འབྱུང་བ་	VERB
ར་	ལ་	PART
འདོད་པ་	འདོད་པ་	VERB
འི་	གི་	PART
བྱང་ཆུབ་	བྱང་ཆུབ་	NOUN
སེམས་དཔའ་	སེམས་དཔའ་	NOUN
རློམ་སེམས་	རློམ་སེམས་	NOUN
ཐམས་ཅད་	ཐམས་ཅད་	DET
མེད་པ་	མེད་པ་	VERB
འི་	གི་	PART
ཕྱི་	ཕྱི་	OTHER
དཔའ་བ་	དཔའ་བ་	VERB
ར་	ལ་	PART
འགྲོ་བ་	འགྲོ་བ་	VERB
འི་	གི་	PART
ཏིང་ངེ་འཛིན་	ཏིང་ངེ་འཛིན་	NOUN
ལ་	ལ་	PART
བསླབ་པ་	བསླབ་པ་	VERB
ར་	ལ་	PART
བྱ་	བྱ་	VERB
འོ་	གོ་	PART
། །		PUNCT
ཞེ་	ཅེས་	PART
གསུངས་	གསུངས་	VERB
ལ་	ལ་	PART
།		PUNCT
དམག་དཔོན་	དམག་དཔོན་	NOUN
དཔའ་བོ་	དཔའ་བོ་	NOUN
དང་	དང་	NO_POS
འདྲ་བ་	འདྲ་བ་	VERB
ར་	ལ་	PART
སྤང་བྱ་	སྤང་བྱ་	NOUN
ཐམས་ཅད་	ཐམས་ཅད་	DET
ཐོགས་པ་	ཐོགས་པ་	VERB
མེད་པ་	མེད་པ་	VERB
ར་	ལ་	PART
འཇོམས་པ་	འཇོམས་པ་	VERB
འི་	གི་	PART
ཏིང་ངེ་འཛིན་	ཏིང་ངེ་འཛིན་	NOUN
ནི་	ནི་	NO_POS
དཔའ་བ་	དཔའ་བ་	VERB
ར་	ལ་	PART
འགྲོ་བ་	འགྲོ་བ་	VERB
ཞེ་	ཅེས་	PART
བྱ་	བྱ་	VERB
འོ་	གོ་	PART
། །		PUNCT
རྡོ་རྗེ་	རྡོ་རྗེ་	NOUN
ལྟ་བུ་	ལྟ་བུ་	NOUN
འི་	གི་	PART
ཏིང་འཛིན་	ཏིང་འཛིན་	NOUN
གྱིས་	གིས་	PART
། །		PUNCT
བསམ་གཏན་	བསམ་གཏན་	NOUN
ཕ་རོལ་	ཕ་རོལ་	NOUN
ཕྱིན་	ཕྱིན་	VERB
རྫོགས་	རྫོགས་	VERB
ཤོག་	ཤོག་	VERB
།		PUNCT
ལང་	ལང་	NO_POS
གཤེགས་	གཤེགས་	VERB
ལ་	ལ་	ADP
ས་	གིས་	PART
།		PUNCT
བློ་གྲོས་	བློ་གྲོས་	NOUN
ཆེན་པོ་	ཆེན་པོ་	ADJ
དེ་ལྟ་བས་ན་	དེ་ལྟ་བས་ན་	NO_POS
།		PUNCT
བདག་	བདག་	PRON
གི་	གི་	PART
སེམས་	སེམས་	NOUN
སྣང་བ་	སྣང་བ་	VERB
མེད་པ་	མེད་པ་	VERB
ཙམ་	ཙམ་	DET
ལ་	ལ་	PART
འཇུག་པ་	འཇུག་པ་	VERB
ས་	གིས་	PART
ཤེས་རབ་	ཤེས་རབ་	NOUN
ཀྱི་	གི་	PART
ཕ་རོལ་	ཕ་རོལ་	NOUN
ཏུ་	ལ་	PART
ཕྱིན་པ་	ཕྱིན་པ་	VERB
ལ་	ལ་	PART
གནས་པ་	གནས་པ་	VERB
རྗེས་སུ་	རྗེས་སུ་	OTHER
ཐོབ་པ་	ཐོབ་པ་	VERB
སྐྱེ་བ་	སྐྱེ་བ་	VERB
དང་	དང་	NO_POS
།		PUNCT
བྱ་བ་	བྱ་བ་	VERB
དང་	དང་	NO_POS
བྲལ་བ་	བྲལ་བ་	VERB
འི་	གི་	PART
བྱང་ཆུབ་	བྱང་ཆུབ་	NOUN
སེམས་དཔའ་	སེམས་དཔའ་	NOUN
རྣམས་	རྣམས་	DET
ཏིང་ངེ་འཛིན་	ཏིང་ངེ་འཛིན་	NOUN
རྡོ་རྗེ་	རྡོ་རྗེ་	NOUN
འི་	གི་	PART
གཟུགས་	གཟུགས་	NOUN
ལྟ་བུ་	ལྟ་བུ་	NOUN
དེ་བཞིན་	དེ་བཞིན་	OTHER
གཤེགས་པ་	གཤེགས་པ་	VERB
འི་	གི་	PART
སྐུ་	སྐུ་	NOUN
འི་	གི་	PART
རྗེས་སུ་	རྗེས་སུ་	OTHER
སོང་བ་	སོང་བ་	VERB
༑		PUNCT
དེ་བཞིན་ཉིད་	དེ་བཞིན་ཉིད་	NOUN
ཀྱི་	གི་	PART
སྤྲུལ་པ་	སྤྲུལ་པ་	VERB
དང་	དང་	NO_POS
ལྡན་པ་	ལྡན་པ་	VERB
འི་	གི་	PART
སྟོབས་	སྟོབས་	NOUN
དང་	དང་	NO_POS
།		PUNCT
མངོན་པ་	མངོན་པ་	OTHER
ཤེས་པ་	ཤེས་པ་	VERB
དང་	དང་	NO_POS
།		PUNCT
དབང་	དབང་	NOUN
དང་	དང་	NO_POS
།		PUNCT
སྙིང་བརྩེ་བ་	སྙིང་བརྩེ་བ་	NOUN
དང་	དང་	NO_POS
།		PUNCT
སྙིང་རྗེ་	སྙིང་རྗེ་	NOUN
དང་	དང་	NO_POS
ཐབས་	ཐབས་	NOUN
ཀྱིས་	གིས་	PART
བརྒྱན་པ་	བརྒྱན་པ་	VERB
དང་	དང་	NO_POS
།		PUNCT
སངས་རྒྱས་	སངས་རྒྱས་	NOUN
ཐམས་ཅད་	ཐམས་ཅད་	DET
ཀྱི་	གི་	PART
ཞིང་	ཅིང་	PART
གི་	གི་	PART
མུ་སྟེགས་	མུ་སྟེགས་	NOUN
ཅན་	ཅན་	PART
གྱི་	གི་	PART
གནས་	གནས་	NOUN
སུ་	ལ་	PART
ཉེ་བ་		
འགྲོ་བ་	འགྲོ་བ་	VERB
འི་	གི་	PART
སེམས་	སེམས་	NOUN
དང་	དང་	NO_POS
ཡིད་	ཡིད་	NOUN
དང་	དང་	NO_POS
།		PUNCT
ཡིད་	ཡིད་	NOUN
ཀྱི་	གི་	PART
རྣམ་པ་	རྣམ་པ་	NOUN
ར་	ལ་	PART
ཤེས་པ་	ཤེས་པ་	VERB
དང་	དང་	NO_POS
བྲལ་	བྲལ་	VERB
ན་	ནས་	PART
རིམ་གྱིས་	རིམ་གྱིས་	NO_POS
གནས་	གནས་	NOUN
འཕོས་པ་	འཕོས་པ་	VERB
འི་	གི་	PART
དེ་བཞིན་	དེ་བཞིན་	OTHER
གཤེགས་པ་	གཤེགས་པ་	VERB
འི་	གི་	PART
སྐུ་	སྐུ་	NOUN
ཐོབ་པ་	ཐོབ་པ་	VERB
ར་	ལ་	PART
འགྱུར་	འགྱུར་	VERB
རོ་	རོ་	NOUN
། །		PUNCT
བློ་གྲོས་	བློ་གྲོས་	NOUN
ཆེན་པོ་	ཆེན་པོ་	ADJ
དེ་ལྟ་བས་ན་	དེ་ལྟ་བས་ན་	NO_POS
བྱང་ཆུབ་	བྱང་ཆུབ་	NOUN
སེམས་དཔའ་	སེམས་དཔའ་	NOUN
སེམས་དཔའ་	སེམས་དཔའ་	NOUN
ཆེན་པོ་	ཆེན་པོ་	ADJ
དེ་བཞིན་	དེ་བཞིན་	OTHER
གཤེགས་པ་	གཤེགས་པ་	VERB
འི་	གི་	PART
སྐུ་	སྐུ་	NOUN
འི་	གི་	PART
རྗེས་སུ་	རྗེས་སུ་	OTHER
འབྲང་བ་	འབྲང་བ་	VERB
རབ་ཏུ་	རབ་ཏུ་	NO_POS
ཐོབ་པ་	ཐོབ་པ་	VERB
རྣམས་	རྣམས་	DET
ཀྱི་	གི་	PART
ཕུང་པོ་	ཕུང་པོ་	NOUN
ཁམས་	ཁམས་	NOUN
དང་	དང་	NO_POS
སྐྱེ་མཆེད་	སྐྱེ་མཆེད་	NOUN
དང་སེམས་	དང་སེམས་	NO_POS
དང་	དང་	NO_POS
རྒྱུ་	རྒྱུ་	NOUN
དང་	དང་	NO_POS
བྱ་བ་	བྱ་བ་	VERB
དང་	དང་	NO_POS
ལྡན་པ་	ལྡན་པ་	VERB
དང་	དང་	NO_POS
།		PUNCT
སྐྱེ་བ་	སྐྱེ་བ་	VERB
དང་	དང་	NO_POS
གནས་པ་	གནས་པ་	VERB
དང་	དང་	NO_POS
འཇིག་པ་	འཇིག་པ་	VERB
འི་	གི་	PART
རྣམ་པ་	རྣམ་པ་	NOUN
ར་	ལ་	PART
རྟོག་པ་	རྟོག་པ་	VERB
སྤྲོས་པ་	སྤྲོས་པ་	VERB
དང་	དང་	NO_POS
བྲལ་བ་	བྲལ་བ་	VERB
སེམས་ཅན་	སེམས་ཅན་	NOUN
གྱི་	གི་	PART
རྗེས་སུ་	རྗེས་སུ་	OTHER
འབྲང་བ་	འབྲང་བ་	VERB
ར་	ལ་	PART
བྱ་	བྱ་	VERB
འོ་	གོ་	PART
། །		PUNCT
ཞེ་	ཅེས་	PART
གསུངས་པ་	གསུངས་པ་	VERB
ས་	གིས་	PART
སྒྲིབ་པ་	སྒྲིབ་པ་	VERB
ཐམས་ཅད་	ཐམས་ཅད་	DET
འཇོམས་པ་	འཇོམས་པ་	VERB
འི་	གི་	PART
ཏིང་ངེ་འཛིན་	ཏིང་ངེ་འཛིན་	NOUN
དེ་	སྟེ་	PART
ལ་	ལ་	PART
རྡོ་རྗེ་	རྡོ་རྗེ་	NOUN
ལྟ་བུ་	ལྟ་བུ་	NOUN
འི་	གི་	PART
ཏིང་ངེ་འཛིན་	ཏིང་ངེ་འཛིན་	NOUN
ཞེ་	ཅེས་	PART
བྱ་	བྱ་	VERB
འོ་	གོ་	PART
། །		PUNCT
ཤེས་རབ་	ཤེས་རབ་	NOUN
ནི་	ནི་	NO_POS
པྲ་	པྲ་	NOUN
ཛྙཱ་	ཛྙཱ་	NO_POS
ཏེ་	སྟེ་	PART
།		PUNCT
ཆོ་	ཆོ་	NOUN
རབ་ཏུ་	རབ་ཏུ་	NO_POS
རྣམ་པ་	རྣམ་པ་	NOUN
ར་	ལ་	PART
འབྱེད་པ་	འབྱེད་པ་	VERB
འི་	གི་	PART
བློ་	བློ་	NOUN
དོན་དམ་པ་	དོན་དམ་པ་	NOUN
ཤེས་པ་	ཤེས་པ་	VERB
འི་	གི་	PART
ཆ་	ཆ་	NOUN
དེ་	སྟེ་	PART
ལ་	ལ་	PART
བྱ་	བྱ་	VERB
སྟེ་	སྟེ་	PART
།		PUNCT
དེ་	དེ་	DET
འི་	གི་	PART
ཆ་	ཆ་	NOUN
འགའ་ཞིག་	འགའ་ཞིག་	OTHER
ལ་	ལ་	PART
ནི་	ནི་	NO_POS
ཐབས་	ཐབས་	NOUN
།		PUNCT
སྟོབས་	སྟོབས་	NOUN
།		PUNCT
སྨོན་ལམ་	སྨོན་ལམ་	NOUN
།		PUNCT
ཡེ་ཤེས་	ཡེ་ཤེས་	NOUN
འབྱེད་པ་	འབྱེད་པ་	VERB
ཡིན་	ཡིན་	NO_POS
ནོ་	གོ་	PART
། །		PUNCT
སྟོང་པ་ཉིད་	སྟོང་པ་ཉིད་	NOUN
ཀྱི་	གི་	PART
རྣམ་པ་	རྣམ་པ་	NOUN
ར་	ལ་	PART
ཐར་པ་	ཐར་པ་	VERB
དང་	དང་	NO_POS
།		PUNCT
མཚན་མ་	མཚན་མ་	NOUN
མེད་པ་	མེད་པ་	VERB
འི་	གི་	PART
།		PUNCT
སྨོན་པ་	སྨོན་པ་	VERB
མེད་པ་	མེད་པ་	VERB
འི་	གི་	PART
རྣམ་པ་	རྣམ་པ་	NOUN
ར་	ལ་	PART
ཐར་པ་	ཐར་པ་	VERB
དང་	དང་	NO_POS
།		PUNCT
དུས་གསུམ་	དུས་གསུམ་	OTHER
མཉམ་པ་	མཉམ་པ་	VERB
ནི་	ནི་	NO_POS
།		PUNCT
དོན་	དོན་	NOUN
ལ་དུ་	ལ་དུ་	NOUN
ས་	གིས་	PART
མེད་	མེད་	VERB
དུ་	ལ་	PART
གོ་བ་	གོ་བ་	VERB
ར་	ལ་	PART
བྱེད་པ་	བྱེད་པ་	VERB
ཡིན་	ཡིན་	NO_POS
ལ་	ལ་	PART
།		PUNCT
ཡང་	ཀྱང་	PART
། །		PUNCT
རིག་	རིག་	VERB
གསུམ་	གསུམ་	NUM
མངོན་སུམ་	མངོན་སུམ་	NOUN
བགྱིས་པ་	བགྱིས་པ་	VERB
ཡི་	གིས་	PART
། །		PUNCT
ཤེས་རབ་	ཤེས་རབ་	NOUN
ཕ་རོལ་	ཕ་རོལ་	NOUN
ཕྱིན་	ཕྱིན་	VERB
ཐོབ་	ཐོབ་	VERB
ཤོག་	ཤོག་	VERB
།		PUNCT
ཡང་	ཀྱང་	PART
སྣང་ངོ་	སྣང་ངོ་	NOUN
ར་	ལ་	PART
དུས་གསུམ་	དུས་གསུམ་	OTHER
ལ་	ལ་	PART
བལྟོས་	བལྟོས་	NO_POS
ན་	ནས་	PART
རིག་པ་	རིག་པ་	VERB
གསུམ་	གསུམ་	NUM
འཇོག་པ་	འཇོག་པ་	VERB
སྟེ་	སྟེ་	PART
།		PUNCT
མི་	མི་	PART
འམ་	གམ་	PART
ཅིའི་	ཅིའི་	NO_POS
རྒྱལ་པོ་	རྒྱལ་པོ་	NOUN
ལྗོན་པ་	ལྗོན་པ་	OTHER
ས་	གིས་	PART
ཞུས་པ་	ཞུས་པ་	VERB
འི་	གི་	PART
མདོ་	མདོ་	NOUN
ལ་	ལ་	ADP
ས་	གིས་	PART
།		PUNCT
ཡང་དག་པ་	ཡང་དག་པ་	ADJ
ར་	ལ་	PART
རྫོགས་པ་	རྫོགས་པ་	VERB
འི་	གི་	PART
སངས་རྒྱས་	སངས་རྒྱས་	NOUN
ནི་	ནི་	NO_POS
ཐོགས་པ་	ཐོགས་པ་	VERB
མེད་པ་	མེད་པ་	VERB
འི་	གི་	PART
ཡེ་ཤེས་	ཡེ་ཤེས་	NOUN
མཐོང་བ་	མཐོང་བ་	VERB
དང་	དང་	NO_POS
ལྡན་	ལྡན་	VERB
ནོ་	གོ་	PART
། །		PUNCT
དེ་	སྟེ་	PART
ཅིའི་ཕྱིར་	ཅིའི་ཕྱིར་	NO_POS
ཞེ་ན་	ཅེ་ན་	PART
།		PUNCT
རིགས་	རིགས་	NOUN
ཀྱི་	གི་	PART
བུ་	བུ་	NOUN
གང་	གང་	NO_POS
སེམས་ཅན་	སེམས་ཅན་	NOUN
ཐམས་ཅད་	ཐམས་ཅད་	DET
ཀྱི་	གི་	PART
འདས་པ་	འདས་པ་	VERB
འི་	གི་	PART
སེམས་	སེམས་	NOUN
ཀྱི་	གི་	PART
རྒྱུད་	རྒྱུད་	NOUN
ཟད་པ་	ཟད་པ་	VERB
དང་	དང་	NO_POS
འགགས་པ་	འགགས་པ་	VERB
དང་	དང་	NO_POS
བྲལ་བ་	བྲལ་བ་	VERB
དང་	དང་	NO_POS
རྣམ་པ་	རྣམ་པ་	NOUN
ར་	ལ་	PART
གྱུར་པ་	གྱུར་པ་	VERB
ཐམས་ཅད་	ཐམས་ཅད་	DET
ནི་	ནི་	NO_POS
དེ་བཞིན་	དེ་བཞིན་	OTHER
གཤེགས་པ་	གཤེགས་པ་	VERB
ས་	གིས་	PART
རབ་ཏུ་	རབ་ཏུ་	NO_POS
མཁྱེན་	མཁྱེན་	VERB
ཏེ་	སྟེ་	PART
།		PUNCT
རྒྱུ་	རྒྱུ་	NOUN
གང་དག་	གང་དག་	NO_POS
ལ་	ལ་	ADP
ས་	གིས་	PART
སེམས་	སེམས་	NOUN
ཀྱི་	གི་	PART
རྒྱུད་	རྒྱུད་	NOUN
དེ་དག་	དེ་དག་	OTHER
བྱུང་བ་	བྱུང་བ་	VERB
དང་	དང་	NO_POS
།		PUNCT
རྒྱུ་	རྒྱུ་	NOUN
གང་དག་	གང་དག་	NO_POS
མེད་པ་	མེད་པ་	VERB
ས་	གིས་	PART
ཟད་	ཟད་	VERB
ཅིང་	ཅིང་	PART
བྲལ་བ་	བྲལ་བ་	VERB
ར་	ལ་	PART
བསྟན་པ་	བསྟན་པ་	VERB
དང་	དང་	NO_POS
།		PUNCT
དགེ་བ་	དགེ་བ་	VERB
འམ་	གམ་	PART
མི་དགེ་བ་	མི་དགེ་བ་	NO_POS
འམ་	གམ་	PART
།		PUNCT
ལུང་	ལུང་	NOUN
དུ་	ལ་	PART
བསྟན་པ་	བསྟན་པ་	VERB
འམ་	གམ་	PART
།		PUNCT
མ་	མ་	PART
བསྟན་པ་	བསྟན་པ་	VERB
དེ་དག་	དེ་དག་	OTHER
ཐམས་ཅད་	ཐམས་ཅད་	DET
རྣམ་པ་	རྣམ་པ་	NOUN
དང་	དང་	NO_POS
བཅའ་	བཅའ་	VERB
།		PUNCT
གཞི་	གཞི་	NOUN
དང་	དང་	NO_POS
བཅའ་	བཅའ་	VERB
།		PUNCT
གཏན་ཚིག་	གཏན་ཚིག་	OTHER
དང་	དང་	NO_POS
བཅས་པ་	བཅས་པ་	VERB
དེ་བཞིན་	དེ་བཞིན་	OTHER
གཤེགས་པ་	གཤེགས་པ་	VERB
ས་	གིས་	PART
རབ་ཏུ་	རབ་ཏུ་	NO_POS
མཁྱེན་	མཁྱེན་	VERB
ཏོ་	གོ་	PART
། །		PUNCT
ད་ལྟ་		
བྱུང་བ་	བྱུང་བ་	VERB
འི་	གི་	PART
སེམས་ཅན་	སེམས་ཅན་	NOUN
ཐམས་ཅད་	ཐམས་ཅད་	DET
ཀྱི་	གི་	PART
སེམས་	སེམས་	NOUN
ཀྱི་	གི་	PART
རྒྱུད་	རྒྱུད་	NOUN
བྱུང་བ་	བྱུང་བ་	VERB
དགེ་བ་	དགེ་བ་	VERB
འམ་	གམ་	PART
མི་དགེ་	མི་དགེ་	NOUN
འམ་	གམ་	PART
།		PUNCT
ལུང་	ལུང་	NOUN
དུ་	ལ་	PART
བསྟན་པ་	བསྟན་པ་	VERB
འམ་	གམ་	PART
ལུང་	ལུང་	NOUN
དུ་མ་	དུ་མ་	ADJ
བསྟན་པ་	བསྟན་པ་	VERB
ཡང་	ཀྱང་	PART
རུང་	རུང་	SCONJ
སྟེ་	སྟེ་	PART
།		PUNCT
སེམས་	སེམས་	NOUN
གང་	གང་	NO_POS
གི་	གི་	PART
འོག་	འོག་	NOUN
ཏུ་	ལ་	PART
སེམས་	སེམས་	NOUN
གང་	གང་	NO_POS
འབྱུང་བ་	འབྱུང་བ་	VERB
དེ་དག་	དེ་དག་	OTHER
ཐམས་ཅད་	ཐམས་ཅད་	DET
ཀྱང་	ཀྱང་	PART
རྣམ་པ་	རྣམ་པ་	NOUN
དང་	དང་	NO_POS
བཅས་པ་	བཅས་པ་	VERB
།		PUNCT
ཡུལ་	ཡུལ་	NOUN
དང་	དང་	NO_POS
ཕྱོགས་	ཕྱོགས་	NOUN
དང་	དང་	NO_POS
བཅའ་	བཅའ་	VERB
།		PUNCT
གཞི་	གཞི་	NOUN
ཅི་	ཅི་	NO_POS
ལ་	ལ་	ADP
ས་	གིས་	PART
གྱུར་པ་	གྱུར་པ་	VERB
དང་	དང་	NO_POS
བཅས་པ་	བཅས་པ་	VERB
དེ་བཞིན་	དེ་བཞིན་	OTHER
གཤེགས་པ་	གཤེགས་པ་	VERB
ས་	གིས་	PART
རབ་ཏུ་	རབ་ཏུ་	NO_POS
ཤེ་	ཤེ་	VERB
སོ་	གོ་	PART
། །		PUNCT
གང་	གང་	NO_POS
མ་འོངས་པ་	མ་འོངས་པ་	OTHER
འི་	གི་	PART
སེམས་ཅན་	སེམས་ཅན་	NOUN
ཐམས་ཅད་	ཐམས་ཅད་	DET
ཀྱི་	གི་	PART
སེམས་	སེམས་	NOUN
ཀྱི་	གི་	PART
རྒྱུད་	རྒྱུད་	NOUN
དང་	དང་	NO_POS
།		PUNCT
སེམས་ལས་	སེམས་ལས་	NOUN
བྱུང་བ་	བྱུང་བ་	VERB
འི་	གི་	PART
ཆོ་	ཆོ་	NOUN
དགེ་	དགེ་	NOUN
འམ་	གམ་	PART
མི་དགེ་	མི་དགེ་	NOUN
འམ་	གམ་	PART
ལུང་	ལུང་	NOUN
དུ་	ལ་	PART
བསྟན་པ་	བསྟན་པ་	VERB
འམ་	གམ་	PART
ལུང་	ལུང་	NOUN
དུ་མ་	དུ་མ་	ADJ
བསྟན་པ་	བསྟན་པ་	VERB
ཡང་	ཀྱང་	PART
རུང་	རུང་	SCONJ
ཏེ་	སྟེ་	PART
།		PUNCT
སེམས་	སེམས་	NOUN
གང་	གང་	NO_POS
གི་	གི་	PART
འོག་	འོག་	NOUN
ཏུ་	ལ་	PART
སེམས་	སེམས་	NOUN
གང་	གང་	NO_POS
འབྱུང་བ་	འབྱུང་བ་	VERB
ར་	ལ་	PART
གྱུར་པ་	གྱུར་པ་	VERB
དེ་དག་	དེ་དག་	OTHER
ཐམས་ཅད་	ཐམས་ཅད་	DET
ཀྱང་	ཀྱང་	PART
།		PUNCT
རྣམ་པ་	རྣམ་པ་	NOUN
དང་	དང་	NO_POS
བཅའ་	བཅའ་	VERB
ཡུལ་	ཡུལ་	NOUN
དང་	དང་	NO_POS
ཕྱོགས་	ཕྱོགས་	NOUN
དང་	དང་	NO_POS
བཅའ་	བཅའ་	VERB
།		PUNCT
གཞི་	གཞི་	NOUN
ཅི་	ཅི་	NO_POS
ལ་	ལ་	ADP
ས་	གིས་	PART
གྱུར་པ་	གྱུར་པ་	VERB
དང་	དང་	NO_POS
བཅས་པ་	བཅས་པ་	VERB
ར་	ལ་	PART
དེ་བཞིན་	དེ་བཞིན་	OTHER
གཤེགས་པ་	གཤེགས་པ་	VERB
ས་	གིས་	PART
རབ་ཏུ་	རབ་ཏུ་	NO_POS
ཤེ་	ཤེ་	VERB
སོ་	གོ་	PART
། །		PUNCT
རིགས་	རིགས་	NOUN
ཀྱི་	གི་	PART
བུ་	བུ་	NOUN
དེ་ལྟ་	དེ་ལྟ་	NO_POS
ན་	ལ་	PART
དེ་བཞིན་	དེ་བཞིན་	OTHER
གཤེགས་པ་	གཤེགས་པ་	VERB
དགྲ་བཅོམ་པ་	དགྲ་བཅོམ་པ་	NOUN
ཡང་དག་པ་	ཡང་དག་པ་	ADJ
ར་	ལ་	PART
རྫོགས་པ་	རྫོགས་པ་	VERB
འི་	གི་	PART
སངས་རྒྱས་	སངས་རྒྱས་	NOUN
ནི་	ནི་	NO_POS
ཐོགས་པ་	ཐོགས་པ་	VERB
མེད་པ་	མེད་པ་	VERB
འི་	གི་	PART
ཡེ་ཤེས་	ཡེ་ཤེས་	NOUN
དང་	དང་	NO_POS
ནི་	ནི་	NO_POS
ལྡན་པ་	ལྡན་པ་	VERB
ཡིན་	ཡིན་	NO_POS
ནོ་	གོ་	PART
ཞེ་	ཅེས་	PART
གསུངས་	གསུངས་	VERB
སོ་	གོ་	PART
། །		PUNCT
འདི་	འདི་	DET
ར་	ལ་	PART
བསམ་གཏན་	བསམ་གཏན་	NOUN
དང་	དང་	NO_POS
ཤེས་རབ་	ཤེས་རབ་	NOUN
གཉིས་	གཉིས་	NUM
ལ་	ལ་	PART
མི་	མི་	PART
མཐུན་	མཐུན་	VERB
ཕྱོགས་	ཕྱོགས་	NOUN
སྤོང་བ་	སྤོང་བ་	VERB
མ་	མ་	PART
བཤད་པ་	བཤད་པ་	VERB
ནི་	ནི་	NO_POS
སྲིད་ཞི་	སྲིད་ཞི་	NOUN
མཉམ་ཉིད་	མཉམ་ཉིད་	NOUN
དུ་	ལ་	PART
འཁྱེར་བ་	འཁྱེར་བ་	VERB
ཡིན་པ་	ཡིན་པ་	AUX
ས་	གིས་	PART
དེ་	དེ་	DET
ར་	ལ་	PART
སྤང་བླང་	སྤང་བླང་	NOUN
མེད་པ་	མེད་པ་	VERB
ཤེས་པ་	ཤེས་པ་	VERB
ར་	ལ་	PART
བྱ་བ་	བྱ་བ་	VERB
འི་	གི་	PART
ཕྱི་	ཕྱི་	OTHER
རོ་	རོ་	NOUN
། །		PUNCT
སོ་སོ་	སོ་སོ་	PRON
སྐྱེ་བོ་	སྐྱེ་བོ་	NOUN
འི་	གི་	PART
གནས་སྐབས་	གནས་སྐབས་	NOUN
ན་	ལ་	PART
ནི་	ནི་	NO_POS
བསམ་གཏན་	བསམ་གཏན་	NOUN
དེ་	སྟེ་	PART
སེམས་	སེམས་	NOUN
རྩེ་གཅིག་པ་	རྩེ་གཅིག་པ་	ADJ
འི་	གི་	PART
ཏིང་ངེ་འཛིན་	ཏིང་ངེ་འཛིན་	NOUN
དེ་	དེ་	DET
འི་	གི་	PART
མི་	མི་	PART
མཐུན་	མཐུན་	VERB
ཕྱོགས་	ཕྱོགས་	NOUN
སྤོང་	སྤོང་	VERB
རྒྱུ་	རྒྱུ་	NOUN
རྣམ་པ་	རྣམ་པ་	NOUN
ར་	ལ་	PART
གཡེང་བ་	གཡེང་བ་	VERB
༑		PUNCT
ཤེས་རབ་	ཤེས་རབ་	NOUN
ནི་	ནི་	NO_POS
དོན་	དོན་	NOUN
བཞིན་	བཞིན་	NOUN
དུ་	ལ་	PART
རྣམ་པ་	རྣམ་པ་	NOUN
ར་	ལ་	PART
འབྱེད་པ་	འབྱེད་པ་	VERB
ཡིན་	ཡིན་	NO_POS
ལ་	ལ་	PART
།		PUNCT
མི་	མི་	PART
མཐུན་	མཐུན་	VERB
ཕྱོགས་	ཕྱོགས་	NOUN
ནི་	ནི་	NO_POS
འཆལ་བ་	འཆལ་བ་	VERB
འི་	གི་	PART
ཤེས་རབ་བོ་	ཤེས་རབ་བོ་	NOUN
། །		PUNCT
གསུམ་པ་	གསུམ་པ་	NUM
འགྲུབ་པ་	འགྲུབ་པ་	VERB
འི་	གི་	PART
སྤྱོད་པ་	སྤྱོད་པ་	VERB
ནི་	ནི་	NO_POS
།		PUNCT
གནས་སྐབས་	གནས་སྐབས་	NOUN
དང་	དང་	NO_POS
མཐར་ཐུག་	མཐར་ཐུག་	NOUN
གཉིས་	གཉིས་	NUM
ལ་	ལ་	ADP
ས་	གིས་	PART
།		PUNCT
དང་པོ་	དང་པོ་	ADJ
༼		PUNCT
གནས་སྐབས་	གནས་སྐབས་	NOUN
།༽		PUNCT
ནི་	ནི་	NO_POS
།		PUNCT
སྒོམ་པ་	སྒོམ་པ་	VERB
འི་	གི་	PART
ལམ་	གམ་	PART
དུ་	ལ་	PART
ཡིན་	ཡིན་	NO_POS
ལ་	ལ་	PART
།		PUNCT
སྤྱི་		
བྱང་ཆུབ་	བྱང་ཆུབ་	NOUN
སེམས་དཔ་	སེམས་དཔའ་	NOUN
འི་	གི་	PART
ཡོན་ཏན་	ཡོན་ཏན་	NOUN
མཐའ་ཡས་པ་	མཐའ་ཡས་པ་	ADJ
ཐོབ་པ་	ཐོབ་པ་	VERB
དང་	དང་	NO_POS
།		PUNCT
ཁྱད་པར་	ཁྱད་པར་	NOUN
ས་བཅུ་པ་	ས་བཅུ་པ་	NO_POS
ར་	ལ་	PART
འོད་གསལ་	འོད་གསལ་	NOUN
ཆེན་པོ་	ཆེན་པོ་	ADJ
འི་	གི་	PART
དབང་	དབང་	NOUN
བསྐུར་བ་	བསྐུར་བ་	VERB
ཐོབ་པ་	ཐོབ་པ་	VERB
ས་	གིས་	PART
རྒྱལ་ཚབ་	རྒྱལ་ཚབ་	NOUN
ཏུ་	ལ་	PART
བཀོད་པ་	བཀོད་པ་	VERB
ཐོན་	ཐོན་	VERB
ནོ་	གོ་	PART
། །		PUNCT
མཐར་ཐུག་	མཐར་ཐུག་	NOUN
ནི་	ནི་	NO_POS
།		PUNCT
གྲངས་མེད་	གྲངས་མེད་	NOUN
གསུམ་	གསུམ་	NUM
མམ་	གམ་	PART
།		PUNCT
སུམ་ཅུ་རྩ་གཉིས་	སུམ་ཅུ་རྩ་གཉིས་	NO_POS
སམ་	གམ་	PART
།		PUNCT
མཐའ་ཡས་པ་	མཐའ་ཡས་པ་	ADJ
ར་	ལ་	PART
གདུལ་བྱ་	གདུལ་བྱ་	NOUN
སྨིན་པ་	སྨིན་པ་	VERB
དང་	དང་	NO_POS
སྨོན་ལམ་	སྨོན་ལམ་	NOUN
རྫོགས་པ་	རྫོགས་པ་	VERB
ར་	ལ་	PART
བྱ་བ་	བྱ་བ་	VERB
དང་	དང་	NO_POS
།		PUNCT
ཞིང་	ཅིང་	PART
སྦྱང་བ་	སྦྱང་བ་	VERB
ལ་	ལ་	PART
འབད་པ་	འབད་པ་	VERB
ས་	གིས་	PART
།		PUNCT
སྐུ་གསུམ་	སྐུ་གསུམ་	OTHER
མཛད་པ་	མཛད་པ་	VERB
དང་	དང་	NO_POS
བཅས་པ་	བཅས་པ་	VERB
ར་	ལ་	PART
སངས་	སངས་	VERB
རྒྱ་བ་	རྒྱ་བ་	VERB
ར་	ལ་	PART
ཤོག་	ཤོག་	VERB
ཅིག་པ་	ཅིག་པ་	PART
འོ་	གོ་	PART
། །		PUNCT
མཇུག་	མཇུག་	NOUN
སྡུད་	སྡུད་	VERB
ནི་	ནི་	NO_POS
།		PUNCT
སྨོན་ལམ་	སྨོན་ལམ་	NOUN
བཏབ་པ་	བཏབ་པ་	VERB
དང་	དང་	NO_POS
མཐུན་པ་	མཐུན་པ་	VERB
ར་	ལ་	PART
སྤྱོད་པ་	སྤྱོད་པ་	VERB
ས་	གིས་	PART
།		PUNCT
བྱམས་པ་	བྱམས་པ་	PROPN
གྲག་	གྲག་	VERB
དང་	དང་	NO_POS
ལྡན་པ་	ལྡན་པ་	VERB
ཡི་	གི་	PART
། །		PUNCT
ཕ་རོལ་	ཕ་རོལ་	NOUN
ཕྱིན་	ཕྱིན་	VERB
དྲུག་	དྲུག་	NUM
རྫོགས་	རྫོགས་	VERB
བགྱི་	བགྱི་	VERB
ན་	ནས་	PART
། །		PUNCT
ས་བཅུ་པོ་	ས་བཅུ་པོ་	NO_POS
ལ་	ལ་	PART
རབ་ཏུ་	རབ་ཏུ་	NO_POS
གནས་	གནས་	NOUN
། །		PUNCT
བྱང་ཆུབ་	བྱང་ཆུབ་	NOUN
ཏུ་	ལ་	PART
སེམས་བསྐྱེད་པ་	སེམས་བསྐྱེད་པ་	NOUN
དང་པོ་	དང་པོ་	ADJ
ན་	ནས་	PART
བརྩམས་	བརྩམས་	VERB
ཏེ་	སྟེ་	PART
ཕ་རོལ་	ཕ་རོལ་	NOUN
ཏུ་	ལ་	PART
ཕྱིན་པ་	ཕྱིན་པ་	VERB
དྲུག་	དྲུག་	NUM
རིམ་བཞིན་	རིམ་བཞིན་	NO_POS
གྱི་	གི་	PART
ས་བཅུ་	ས་བཅུ་	NO_POS
རིམ་པ་	རིམ་པ་	NOUN
ས་	གིས་	PART
བགྲོད་པ་	བགྲོད་པ་	VERB
ར་	ལ་	PART
བསྟན་	བསྟན་	VERB
ལ་	ལ་	PART
།		PUNCT
རྗེ་བཙུན་	རྗེ་བཙུན་	NOUN
འདི་	འདི་	DET
ས་	གིས་	PART
བདག་ཅག་	བདག་ཅག་	PRON
གི་	གི་	PART
སྟོན་པ་	སྟོན་པ་	NOUN
བཞིན་	བཞིན་	NOUN
དབུ་	དབུ་	NOUN
ལ་སོགས་པ་	ལ་སོགས་པ་	NO_POS
སྦྱིན་པ་	སྦྱིན་པ་	VERB
འི་	གི་	PART
དཀའ་བ་	དཀའ་བ་	VERB
མ་	མ་	PART
མཛད་པ་	མཛད་པ་	VERB
ར་	ལ་	PART
ཐབས་	ཐབས་	NOUN
ལ་	ལ་	PART
མཁས་པ་	མཁས་པ་	VERB
ས་	གིས་	PART
བདེ་བ་	བདེ་བ་	VERB
ས་	གིས་	PART
བྱང་ཆུབ་	བྱང་ཆུབ་	NOUN
བསྒྲུབས་	བསྒྲུབས་	VERB
སོ་	གོ་	PART
ཞེ་	ཅེས་	PART
འབྱུང་	འབྱུང་	VERB
ངོ་	གོ་	PART
། །		PUNCT
རིང་	རིང་	NOUN
བསམ་	བསམ་	NOUN
སྙན་དངགས་	སྙན་དངགས་	NOUN
འགའ་ཞིག་	འགའ་ཞིག་	OTHER
སྦྱར་	སྦྱར་	VERB
ཐུབ་པ་	ཐུབ་པ་	VERB
ས་	གིས་	PART
། །		PUNCT
བློ་གྲོས་	བློ་གྲོས་	NOUN
ཅན་	ཅན་	PART
རློམ་	རློམ་	NO_POS
སྤོབས་པ་	སྤོབས་པ་	VERB
འི་	གི་	PART
གོ་	གོ་	PART
བགག་	བགག་	NO_POS
ས་	གིས་	PART
འདི་	འདི་	DET
ས་	གིས་	PART
། །		PUNCT
རིག་གནས་	རིག་གནས་	NOUN
ཀུན་ཤེས་	ཀུན་ཤེས་	PROPN
གཞུང་	གཞུང་	NOUN
བརྒྱ་	བརྒྱ་	NUM
འི་	གི་	PART
དོན་འགྲེལ་	དོན་འགྲེལ་	OTHER
མཁན་	མཁན་	PROPN
། །		PUNCT
སྲིད་པ་	སྲིད་པ་	VERB
འི་	གི་	PART
ར་བ་	ར་བ་	NOUN
ར་	ལ་	PART
ཤོང་	ཤོང་	NO_POS
ཐབས་	ཐབས་	NOUN
ཅང་	ཅང་	PART
ཡོད་	ཡོད་	VERB
དམ་	གམ་	PART
། །		PUNCT
དགེ་བ་	དགེ་བ་	VERB
དགའ་ལྡན་	དགའ་ལྡན་	PROPN
བདག་པོ་	བདག་པོ་	NOUN
འི་	གི་	PART
ལུང་	ལུང་	NOUN
། །		PUNCT
འཇིག་རྟེན་	འཇིག་རྟེན་	NOUN
ཀུན་	ཀུན་	DET
ཏུ་	ལ་	PART
བསྒྱུར་	བསྒྱུར་	VERB
ན་	ནས་	PART
སུ་	ལ་	PART
། །		PUNCT
ཐུབ་པ་	ཐུབ་པ་	VERB
འི་	གི་	PART
རྒྱལ་སྲིད་	རྒྱལ་སྲིད་	NOUN
ཡངས་པ་	ཡངས་པ་	ADJ
ལ་	ལ་	ADP
ས་	གིས་	PART
། །		PUNCT
ཆེ་	ཆེ་	VERB
ཡངས་	ཡངས་	VERB
འགྱུར་བ་	འགྱུར་བ་	VERB
འི་	གི་	PART
ཕྱི་	ཕྱི་	OTHER
བསྔོ་	བསྔོ་	VERB
འོ་	གོ་	PART
། །		PUNCT
ཅེས་	ཅེས་	PART
པདྨ་	པདྨ་	NOUN
དཀར་པོ་	དཀར་པོ་	ADJ
ས་	གིས་	PART
བྱམས་པ་	བྱམས་པ་	PROPN
ཆེན་པོ་	ཆེན་པོ་	ADJ
འི་	གི་	PART
ཆོ་	ཆོ་	NOUN
གླིང་	གླིང་	NOUN
དུ་	ལ་	PART
སྦྱར་བ་	སྦྱར་བ་	VERB
འི་	གི་	PART
ཡི་གེ་པ་	ཡི་གེ་པ་	NOUN
ནི་	ནི་	NO_POS
རྟོགས་ལྡན་	རྟོགས་ལྡན་	OTHER
གྲོ་མོ་པ་	གྲོ་མོ་པ་	PROPN
འོ་	གོ་	PART
།། །། ༈		PUNCT
དེ་ལྟ་	དེ་ལྟ་	NO_POS
ཀུན་མཁྱེན་	ཀུན་མཁྱེན་	OTHER
གྱི་	གི་	PART
གསུང་	གསུང་	VERB
གཞུང་འགྲེལ་	གཞུང་འགྲེལ་	NOUN
གྱི་	གི་	PART
སྐོར་	སྐོར་	NOUN
རྣམས་	རྣམས་	DET
ཁོ་བོ་	ཁོ་བོ་	PRON
བཤད་སྒྲུབ་	བཤད་སྒྲུབ་	NOUN
བསྟན་འཛིན་པ་	བསྟན་འཛིན་པ་	NOUN
ས་	གིས་	PART
ཕྱོགས་སྒྲིག་	ཕྱོགས་སྒྲིག་	OTHER
ཞུ་	ཞུ་	VERB
ཏེ་	སྟེ་	PART
འདི་ག་	འདི་ག་	NO_POS
ཤྲཱི་		NON_WORD
གཽ་ཏམ་	གཽ་ཏམ་	NO_POS
བུདྡྷ་		NON_WORD
ཝི་		NON_WORD
ཧ་	ཧ་	NOUN
ར་	ར་	ADP
འི་	གི་	PART
གསུང་རབ་	གསུང་རབ་	NOUN
རྒྱུན་	རྒྱུན་	NOUN
སྤེལ་	སྤེལ་	VERB
ཁང་	ཁང་	NOUN
དུ་	ལ་	PART
ཀོཾ་		NON_WORD
པིའུ་		NON_WORD
ཊར་		NON_WORD
ནང་མ་	ནང་མ་	OTHER
དཔེ་གསར་	དཔེ་གསར་	NO_POS
སྒྲིག་	སྒྲིག་	VERB
ཞུས་པ་	ཞུས་པ་	VERB
ལགས་སོ་	ལགས་སོ་	NO_POS
།།		PUNCT
